artigoEmPeriodico	2014		Chromatographic analysis and antioxidant capacity of Tabernaemontana catharinensis.	Natural Product Communications	BOLIGON, A. A. ; PIANA, M. ; Schwanz, T. G. ; PEREIRA, R. P. ; ROCHA, J. B. T. ; ATHAYDE, M. L. ; ATHAYDE, M. L.	B3	
artigoEmPeriodico	2014	http://dx.doi.org/10.1016/j.nut.2013.10.005	Brazilian nut consumption by healthy volunteers improves inflammatory parameters	Nutrition (Burbank, Los Angeles County, Calif.)	Colpo, Elisângela ; DALTON D.A. VILANOVA, CARLOS ; REETZ, LUIZ GUSTAVO B. ; DUARTE, MARTA M.M.F. ; FARIAS, IRIA LUIZA G. ; MEINERZ, DAIANE F. ; MARIANO, DOUGLAS O.C. ; VENDRUSCULO, RAQUEL G. ; BOLIGON, ALINE A. ; Dalla Corte, Cristiane L. ; WAGNER, ROGER ; ATHAYDE, MARGARETH L. ; DA ROCHA, JOÃO BATISTA T.	A2	
artigoEmPeriodico	2014	http://dx.doi.org/10.1016/j.cbi.2013.10.017	Addition of butoxycarbonyl group to phenylalanine derived chalcogenide increases the toxic potential: Importance of non-bonding nitrogen interaction	Chemico-Biological Interactions (Print)	HASSAN, WASEEM ; SCHIAR, VIVIANE PATRÍCIA P. ; dos Santos, Danúbia B. ; DUARTE, MARTA M.M.F. ; VARGAS, FABRÍCIO ; NOGUEIRA, Cristina W. ; ZENI, Gilson ; BRAGA, ANTONIO.L. ; DA ROCHA, JOÃO B.T.	B1	Chemico Biological Interactions (Print)
artigoEmPeriodico	2014	http://dx.doi.org/10.1016/j.tiv.2013.12.010	1-(2-(2-(2-(1-aminoethyl) phenyl)diselanyl)phenyl)ethanamine: An amino Organoselenium compound with interesting antioxidant profile	Toxicology in Vitro	Ibrahim, Mohammad ; HASSAN, WASEEM ; Anwar, Javed ; Deobald, Anna Maria ; KAMDEM, JEAN PAUL ; DO, SOUZA ; Rocha, Joao Batista Teixeira	B1	
artigoEmPeriodico	2014	http://dx.doi.org/10.1016/j.indcrop.2013.12.007	Chemical composition, antioxidant and anticholinesterase activity of Melissa officinalis	Industrial Crops and Products (Print)	Pereira, Romaiana Picada ; ATHAYDE, M. L. ; BOLIGON, Aline Augusti ; Apel, A. S. ; FACHINETTO, R. ; CERON, C. S. ; TANUS-SANTOS, J. E. ; ATHAYDE, M.L. ; ROCHA, J. B. T.	B1	
artigoEmPeriodico	2014	http://dx.doi.org/10.1007/s11010-013-1919-9	Effects of chlorogenic acid, caffeine, and coffee on behavioral and biochemical parameters of diabetic rats	Molecular and Cellular Biochemistry	STEFANELLO, NAIARA ; Schmatz, Roberta ; PEREIRA, LUCIANE BELMONTE ; RUBIN, MARIBEL A. ; Rocha, João Batista Teixeira ; FACCO, GRAZIELA ; Pereira, Maria Ester ; MAZZANTI, CINTHIA MELAZZO DE ANDRADE ; PASSAMONTI, SABINA ; RODRIGUES, MARÍLIA VALVASSORI ; CARVALHO, FABIANO BARBOSA ; ROSA, MICHELLE MELGAREJO ; GUTIERRES, JESSIE MARTINS ; CARDOSO, ANDRÉIA MACHADO ; MORSCH, Vera Maria ; SCHETINGER, MARIA ROSA CHITOLINA	B1	
artigoEmPeriodico	2013		Phenolic composition and in vitro activity of the Brazilian fruit tree Caryocar coriaceum Wittm.	EUR J INTEGR MED	ARARUNA, M. K. ; SANTOS, K. K. A. ; Costa, José Galberto Martins ; COUTINHO, H. D. M. ; Melo Coutinho, H.D. ; BOLIGON, A. A. ; STEFANELLO, S. T. ; ATHAYDE, M. L. ; SARAIVA, R. A. ; ROCHA, J. B. T. ; KERNTOPF, M.R. ; Menezes, Irwin A.	Qualis nao identificado	EUR J INTEGR MED
artigoEmPeriodico	2013	http://dx.doi.org/10.1016/j.cbi.2013.05.008	Diphenyl diselenide supplementation reduces biochemical alterations associated with oxidative stress in rats fed with fructose and hydrochlorothiazide	Chemico-Biological Interactions (Print)	BEM, A.F. ; RIBEIRO, MARINEI CRISTINA PEREIRA ; ÁVILA, DAIANA SILVA ; SCHIAR, VIVIANE PATRÍCIA PIRES ; SANTOS, DANÚBIA BONFANTI DOS ; MEINERZ, DAINE F. ; DUARTE, MARTA MEDEIROS FRESCURA ; MONTEIRO, ROGER ; PUNTEL, ROBSON ; DE BEM, ANDREZA FABIO ; HASSAN, WASEEM ; DE VARGAS BARBOSA, NILDA BERENICE ; ROCHA, J. B. T.	B1	Chemico Biological Interactions (Print)
artigoEmPeriodico	2013	http://dx.doi.org/10.1016/j.niox.2013.03.003	Protective effect of diphenyl diselenide against peroxynitrite-mediated endothelial cell death: A comparison with ebselen	Nitric Oxide (Print)	Bem, Andreza Fabro de ; FIUZA, BIANCA ; CALCERRADA, PABLO ; BRITO, PAULA M. ; PELUFFO, GONZALO ; DINIS, TERESA C.P. ; TRUJILLO, MADIA ; Rocha, João B.T. ; RADI, RAFAEL ; ALMEIDA, LEONOR M.	A2	
artigoEmPeriodico	2013	http://dx.doi.org/10.1016/j.fra.2013.05.007	Phytochemical constituents and invitro antioxidant capacity of Tabernaemontana catharinensis A	DC. Free Radicals and Antioxidants	Boligon, Aline Augusti ; DE FREITAS, ROBSON BORBA ; DE BRUM, THIELE FACCIM ; PIANA, MARIANA ; BELKE, BIANCA VARGAS ; DA ROCHA, JOÃO BATISTA TEIXEIRA ; Athayde, Margareth Linde	Qualis nao identificado	DC. Free Radicals and Antioxidants
artigoEmPeriodico	2013	http://dx.doi.org/10.1155/2013/537279	Cytotoxicity and Genotoxicity Evaluation of Organochalcogens in Human Leucocytes: A Comparative Study between Ebselen, Diphenyl Diselenide, and Diphenyl Ditelluride	BioMed Research International	CAERAN BUENO, DIONES ; Meinerz, Daiane Francine ; Allebrandt, Josiane ; WACZUK, EMILY PANSERA ; Dos Santos, Danúbia Bonfanti ; MARIANO, DOUGLAS OSCAR CEOLIN ; Rocha, João Batista Teixeira	Qualis nao identificado	BioMed Research International
artigoEmPeriodico	2013	http://dx.doi.org/10.1155/2013/653185	A Single Consumption of High Amounts of the Brazil Nuts Improves Lipid Profile of Healthy Volunteers	Journal of Nutrition and Metabolism	Colpo, Elisângela ; VILANOVA, CARLOS DALTON DE AVILA ; BRENNER REETZ, LUIZ GUSTAVO ; MEDEIROS FRESCURA DUARTE, MARTA MARIA ; FARIAS, IRIA LUIZA GOMES ; IRINEU MULLER, EDSON ; MULLER, ALINE LIMA HERMES ; MORAES FLORES, ERICO MARLON ; WAGNER, ROGER ; DA ROCHA, JOÃO BATISTA TEIXEIRA	Qualis nao identificado	Journal of Nutrition and Metabolism
artigoEmPeriodico	2013	http://dx.doi.org/10.1139/apnm-2012-0230	Antioxidant effect of organic purple grape juice on exhaustive exercise	Applied Physiology, Nutrition and Metabolism (Print)	DALLA CORTE, C. L. ; DALLA CORTE, CRISTIANE L. ; DE CARVALHO, NÉLSON R. ; AMARAL, GUILHERME P. ; PUNTEL, GUSTAVO O. ; SILVA, LUIZ FERNANDO A. ; RETAMOSO, LEANDRO T. ; ROYES, LUIZ FERNANDO F. ; BRESCIANI, GUILHERME B. ; DA CRUZ, IVANA B.M. ; ROCHA, J. B. T. ; BARRIO LERA, JUAN PABLO ; SOARES, FÉLIX A.A.	B1	
artigoEmPeriodico	2013	http://dx.doi.org/10.1155/2013/983821	Effects of Diphenyl Diselenide on Methylmercury Toxicity in Rats	BioMed Research International	DALLA CORTE, CRISTIANE L. ; Wagner, Caroline ; Sudati, Jéssie H. ; COMPARSI, BRUNA ; LEITE, GERLANIA O. ; Busanello, Alcindo ; Soares, Félix A. A. ; ASCHNER, Michael ; ROCHA, JOÃO B. T.	Qualis nao identificado	BioMed Research International
artigoEmPeriodico	2013	http://dx.doi.org/10.3390/molecules18078342	HPLC Analysis of Phenolics Compounds and Antioxidant Capacity of Leaves of Vitex megapotamica (Sprengel) Moldenke	Molecules (Basel. Online)	DE BRUM, THIELE ; ZADRA, MARINA ; PIANA, MARIANA ; BOLIGON, ALINE ; FRÖHLICH, JANAINA ; DE FREITAS, ROBSON ; STEFANELLO, SÍLVIO ; FROEDER, AMANDA ; BELKE, BIANCA ; NUNES, LETÍCIA ; DA SILVA JESUS, ROBERTA ; MACHADO, MICHEL ; TEIXEIRA DA ROCHA, JOÃO ; SOARES, FÉLIX ; ATHAYDE, MARGARETH	B1	
artigoEmPeriodico	2013	http://dx.doi.org/10.1007/s11064-013-1110-4	Diphenyl Diselenide Prevents Cortico-cerebral Mitochondrial Dysfunction and Oxidative Stress Induced by Hypercholesterolemia in LDL Receptor Knockout Mice	Neurochemical Research	de Oliveira, Jade ; MOREIRA, EDUARDO LUIZ GASNHAR ; Mancini, Gianni ; Hort, Mariana Appel ; Latini, Alexandra ; Ribeiro-do-Valle, Rosa Maria ; Farina, Marcelo ; DA ROCHA, JOÃO BATISTA TEIXEIRA ; BEM, ANDREZA FABRO	B1	
artigoEmPeriodico	2013	http://dx.doi.org/10.1016/j.sajb.2013.04.010	Hypoglycemic, antiperoxidative and antihyperlipidemic effects of saponins from Solanum anguivi Lam	fruits in alloxan-induced diabetic rats. South African Journal of Botany	ELEKOFEHINTI, O.O. ; KAMDEM, J.P. ; Kade, I.J. ; Rocha, J.B.T. ; ADANLAWO, I.G.	B2	South African Journal of Botany
artigoEmPeriodico	2013	http://dx.doi.org/10.1016/s2221-1691(13)60152-5	African eggplant (Solanum anguivi Lam.) fruit with bioactive polyphenolic compounds exerts in vitro antioxidant properties and inhibits Ca2+-induced mitochondrial swelling	Asian Pacific Journal of Tropical Biomedicine	ELEKOFEHINTI, OLUSOLA OLALEKAN ; KAMDEM, JEAN PAUL ; BOLINGON, ALINE AUGUSTI ; Athayde, Margareth Linde ; LOPES, SEEGER RODRIGO ; WACZUK, EMILY PANSERA ; Kade, Ige Joseph ; ADANLAWO, ISAAC GBADURA ; Rocha, Joao Batista Teixeira	Qualis nao identificado	Asian Pacific Journal of Tropical Biomedicine
artigoEmPeriodico	2013	http://dx.doi.org/10.1002/jat.2855	Toxicity of ethylmercury (and Thimerosal): a comparison with methylmercury	JAT. Journal of Applied Toxicology,	FARINA, M. ; Dórea, José G. ; FARINA, M. ; ROCHA, J. B. T.	B1	JAT. Journal of Applied Toxicology
artigoEmPeriodico	2013	http://dx.doi.org/10.3109/15368378.2012.721847	Irrigation of Solanum lycopersicum L	with magnetically treated water increases antioxidant properties of its tomato fruits. Electromagnetic Biology and Medicine	FERRER DUBOIS, AE ; LEITE, GO ; ROCHA, JBT	Qualis nao identificado	with magnetically treated water increases antioxidant properties of its tomato fruits. Electromagnetic Biology and Medicine
artigoEmPeriodico	2013		DIGESTÃO: O QUE COMEMOS E O QUE BEBEMOS? UM RELATO DE EXPERIÊNCIA NO ENSINO FUNDAMENTAL	Revista Ciências Idéias	FIGUEIRA, A. C. M. ; ROCHA, J. B. T.	Qualis nao identificado	Revista Ciências Idéias
artigoEmPeriodico	2013	http://dx.doi.org/10.1016/j.cbi.2013.08.002	Protective effects of diphenyl diselenide in a mouse model of brain toxicity	Chemico-Biological Interactions (Print)	Glaser, Viviane ; MORITZ, BETTINA ; SCHMITZ, ARIANA ; DAFRÉ, ALCIR LUIZ ; Nazari, Evelise Maria ; RAUH MÜLLER, YARA MARIA ; Feksa, Luciane ; de Bem, Andreza Fabro ; Farina, Marcelo ; DA ROCHA, JOÃO BATISTA TEIXEIRA ; Latini, Alexandra	B1	Chemico Biological Interactions (Print)
artigoEmPeriodico	2013	http://dx.doi.org/10.1007/s11064-013-1147-4	Selenium Compounds Prevent Amyloid β-Peptide Neurotoxicity in Rat Primary Hippocampal Neurons	Neurochemical Research	GODOI, GABRIELA LOREA ; OLIVEIRA PORCIÚNCULA, LISIANE ; SCHULZ, JANAÍNA FAGUNDES ; KAUFMANN, FERNANDA NEUTZLING ; ROCHA, JOÃO BATISTA ; SOUZA, DIOGO ONOFRE GOMES ; Ghisleni, Gabriele ; ALMEIDA, HIRAM LARANGEIRA	B1	
artigoEmPeriodico	2013	http://dx.doi.org/10.1016/j.neuro.2012.10.015	Disrupted cytoskeletal homeostasis, astrogliosis and apoptotic cell death in the cerebellum of preweaning rats injected with diphenyl ditelluride	Neurotoxicology (Park Forest South)	Heimfarth, Luana ; Loureiro, Samanta Oliveira ; DUTRA, MÁRCIO FERREIRA ; PETENUZZO, LETÍCIA ; de Lima, Bárbara Ortiz ; FERNANDES, CAROLINA GONÇALVES ; DA ROCHA, JOÃO BATISTA TEIXEIRA ; Pessoa-Pureur, Regina	Qualis nao identificado	Neurotoxicology (Park Forest South)
artigoEmPeriodico	2013	http://dx.doi.org/10.1007/s11064-013-0975-6	Gallic Acid Modulates Cerebral Oxidative Stress Conditions and Activities of Enzyme-Dependent Signaling Systems in Streptozotocin-Treated Rats	Neurochemical Research	KADE, I. J. ; ROCHA, J. B. T.	B1	
artigoEmPeriodico	2013	http://dx.doi.org/10.1016/j.cbi.2013.07.014	In vitro glutathione peroxidase mimicry of ebselen is linked to its oxidation of critical thiols on key cerebral suphydryl proteins - A novel component of its GPx-mimic antioxidant mechanism emerging from its thiol-modulated toxicology and pharmacology	Chemico-Biological Interactions (Print)	Kade, I.J. ; BALOGUN, B.D. ; Rocha, J.B.T.	B1	Chemico Biological Interactions (Print)
artigoEmPeriodico	2013	http://dx.doi.org/10.1007/s12640-012-9347-2	Estrogen Attenuates Manganese-Induced Glutamate Transporter Impairment in Rat Primary Astrocytes	Neurotoxicity Research	Lee, Eunsook ; Sidoryk-Wegrzynowicz, Marta ; FARINA, M. ; Farina, Marcelo ; ROCHA, J. B. T. ; Aschner, Michael	Qualis nao identificado	Neurotoxicity Research
artigoEmPeriodico	2013	http://dx.doi.org/10.1371/journal.pone.0055668	Swimming Training Induces Liver Mitochondrial Adaptations to Oxidative Stress in Rats Submitted to Repeated Exhaustive Swimming Bouts	Plos One	LIMA, FREDERICO D. ; STAMM, DANIEL N. ; DELLA-PACE, IURI D. ; Dobrachinski, Fernando ; DE CARVALHO, NÉLSON R. ; ROYES, LUIZ FERNANDO F. ; Soares, Félix A. ; ROCHA, JOÃO B. ; GONZÁLEZ-GALLEGO, JAVIER ; BRESCIANI, GUILHERME	A1	
artigoEmPeriodico	2013	http://dx.doi.org/10.1155/2013/164215	Biological Activities and Chemical Characterization of Cordia verbenacea DC	as Tool to Validate the Ethnobiological Usage. Evidence-Based Complementary and Alternative Medicine (Print)	MATIAS, EDINARDO FAGNER FERREIRA ; ALVES, ERIVÂNIA FERREIRA ; SANTOS, BEATRIZ SOUSA ; SOBRAL DE SOUZA, CELESTINA ELBA ; ALENCAR FERREIRA, JOÃO VICTOR DE ; SANTOS DE LAVOR, ANNE KARYZIA LIMA ; FIGUEREDO, FERNANDO GOMES ; FERREIRA DE LIMA, LUCIENE ; VIEIRA DOS SANTOS, FRANCISCO ANTÔNIO ; NEVES PEIXOTO, FLÓRIDO SAMPAIO ; VIANA COLARES, ARACÉLIO ; AUGUSTI BOLIGON, ALINE ; SARAIVA, ROGÉRIO DE AQUINO ; Athayde, Margareth Linde ; DA ROCHA, JOÃO BATISTA TEIXEIRA ; ALENCAR MENEZES, IRWIN ROSE ; DOUGLAS MELO COUTINHO, HENRIQUE ; DA COSTA, JOSÉ GALBERTO MARTINS	Qualis nao identificado	as Tool to Validate the Ethnobiological Usage. Evidence-Based Complementary and Alternative Medicine (Print)
artigoEmPeriodico	2013	http://dx.doi.org/10.3109/15376516.2013.834015	Effects of diphenyl diselenide and diphenyl ditellurite on chicken embryo development	Toxicology Mechanisms and Methods	PRAUCHNER, CARLOS ANDRÉ ; de Souza Prestes, Alessandro ; NOGUEIRA, Cristina W. ; ROCHA, JOÃO B. T.	Qualis nao identificado	Toxicology Mechanisms and Methods
artigoEmPeriodico	2013	http://dx.doi.org/10.1111/joa.12009	Cryotherapy reduces skeletal muscle damage after ischemia/reperfusion in rats	Journal of Anatomy (Print)	Puntel, Gustavo O. ; Carvalho, Nélson R. ; Dobrachinski, Fernando ; SALGUEIRO, ANDRÉIA C. F. ; PUNTEL, ROBSON L. ; FOLMER, Vanderlei ; BARBOSA, NILDA B. V. ; ROYES, LUIZ F. F. ; SOARES, F. A. A. ; Soares, Félix A. A.	Qualis nao identificado	Journal of Anatomy (Print)
artigoEmPeriodico	2013	http://dx.doi.org/10.1007/s12640-012-9365-0	Organochalcogens Inhibit Mitochondrial Complexes I and II in Rat Brain: Possible Implications for Neurotoxicity	Neurotoxicity Research	PUNTEL, R. L. ; PUNTEL, ROBSON LUIZ ; ROOS, Daniel Henrique ; SEEGER, RODRIGO LOPES ; ASCHNER, Michael ; ROCHA, J. B. T.	Qualis nao identificado	Neurotoxicity Research
artigoEmPeriodico	2013	http://dx.doi.org/10.1016/j.tiv.2012.10.011	Mitochondrial electron transfer chain complexes inhibition by different organochalcogens	Toxicology in Vitro	Puntel, Robson L. ; Roos, Daniel H. ; Seeger, Rodrigo Lopes ; Rocha, João B.T.	B1	
artigoEmPeriodico	2013	http://dx.doi.org/10.1590/s1516-73132013000300011	Prática docente em educação sexual em uma escola pública de Juazeiro do Norte, CE, Brasil	Ciência Educação	QUIRINO, GLAUBERTO DA SILVA ; ROCHA, JOÃO BATISTA TEIXEIRA DA	Qualis nao identificado	Ciência Educação
artigoEmPeriodico	2013		Hydrochlorothiazide and high-fat diets reduce plasma magnesium levels and increase hepatic oxidative stress in rats.	Magnesium Research	RIBEIRO, M. C. P. ; AVILA, D. S. ; BARBOSA, N. B. V. ; MEINERZ, D. F. ; WACZUK, E. P. ; WACZUK, E. P. ; HASSAN, W. ; ROCHA, J. B. T.	Qualis nao identificado	Magnesium Research
artigoEmPeriodico	2013	http://dx.doi.org/10.1016/j.chemosphere.2013.01.084	Is the lobster cockroach Nauphoeta cinerea a valuable model for evaluating mercury induced oxidative stress?	Chemosphere (Oxford)	RODRIGUES, N.R. ; NUNES, M.E.M. ; SILVA, D.G.C. ; ZEMOLIN, A.P.P. ; MEINERZ, D. F. ; MEINERZ, D.F. ; CRUZ, L.C. ; PEREIRA, A.B. ; ROCHA, J. B. T. ; POSSER, T. ; FRANCO, J.L.	A2	
artigoEmPeriodico	2013	http://dx.doi.org/10.1007/s11192-013-1017-5	Brazilian scientific production in areas of biological sciences: a comparative study on the modalities of full doctorate in Brazil or abroad	Scientometrics (Online)	ROOS, DANIEL HENRIQUE ; CALABRÓ, LUCIANA ; JESUS, SANDRA LOPES ; Souza, Diogo Onofre ; SOUZA, DO ; ROCHA, J. B. T. ; BARBOSA, NILDA VARGAS	Qualis nao identificado	Scientometrics (Online)
artigoEmPeriodico	2013	http://dx.doi.org/10.1016/j.etap.2013.07.001	An in vivo insight to the toxicological profile of various organotellurides	Environmental Toxicology and Pharmacology	SCHIAR, VIVIANE PATRÍCIA P. ; dos Santos, Danúbia B. ; DUARTE, MARTA M.M.F. ; VARGAS, FABRÍCIO ; RIBEIRO, MARINEI C.P. ; NOGUEIRA, Cristina W. ; ZENI, Gilson ; HASSAN, WASEEM ; DA ROCHA, JOÃO B.T.	B2	
artigoEmPeriodico	2013	http://dx.doi.org/10.1016/j.indcrop.2012.07.058	Phytochemical characterization and in vitro antioxidant properties of Lantana camara L	and Lantana montevidensis Briq. Industrial Crops and Products (Print)	SOUSA, ERLÂNIO O. ; Rocha, João B.T. ; BARROS, LUIZ M. ; BARROS, ADRIANA R.C. ; Costa, José G.M.	B1	Industrial Crops and Products (Print)
artigoEmPeriodico	2013	http://dx.doi.org/10.1016/j.tiv.2013.03.001	Evaluation of in vitro antioxidant effect of new mono and diselenides	Toxicology in Vitro	STEFANELLO, SÍLVIO TERRA ; PRESTES, ALESSANDRO S. ; OGUNMOYOLE, TADE ; SALMAN, SYED M. ; SCHWAB, RICARDO S. ; BRENDER, CAROLINE R. ; DORNELLES, LUCIANO ; ROCHA, J. B. T. ; SOARES, F. A. A. ; Soares, Félix A.A.	B1	
artigoEmPeriodico	2013	http://dx.doi.org/10.1016/j.ejps.2013.01.001	Disubstituted diaryl diselenides as potential atheroprotective compounds: Involvement of TrxR and GPx-like systems	European Journal of Pharmaceutical Sciences	Straliotto, Marcos Raniel ; de Oliveira, Jade ; Mancini, Gianni ; BAINY, AFONSO C.D. ; Latini, Alexandra ; Deobald, Anna Maria ; Rocha, João B.T. ; de Bem, Andreza Fabro	A2	
artigoEmPeriodico	2013	http://dx.doi.org/10.1016/j.biochi.2013.04.008	Diphenyl diselenide modulates oxLDL-induced cytotoxicity in macrophage by improving the redox signaling	Biochimie (Paris. Print)	Straliotto, Marcos Raniel ; Hort, Mariana Appel ; FIUZA, BIANCA ; ROCHA, J. B. T. ; FARINA, Marcelo ; CHIABRANDO, GUSTAVO ; BEM, A.F. ; de Bem, Andreza Fabro	A2	
artigoEmPeriodico	2013	http://dx.doi.org/10.1016/j.neuro.2013.04.006	Valeriana officinalis attenuates the rotenone-induced toxicity in Drosophila melanogaster	Neurotoxicology (Park Forest South)	Sudati, Jéssie Haigert ; VIEIRA, FRANCIELLI ARAÚJO ; PAVIN, SANDRA SARTORETTO ; Dias, Glaecir Roseni Mundstock ; SEEGER, RODRIGO LOPES ; GOLOMBIESKI, RONALDO ; Athayde, Margareth Linde ; SOARES, F. A. A. ; Soares, Félix Antunes ; ROCHA, J. B. T. ; Barbosa, Nilda Vargas	Qualis nao identificado	Neurotoxicology (Park Forest South)
artigoEmPeriodico	2013		Public School versus Private School: An Interdisciplinary Perception of Students regarding the Teaching of Sciences and Physical Education	Education	WEBER, J. V. ; LIMA, A. S. ; SOARES, F. A. A. ; SOARES, F^ ; ROCHA, J. B. T.	Qualis nao identificado	Education
artigoEmPeriodico	2013	http://dx.doi.org/10.1155/2013/791795	Major Components of Energy Drinks (Caffeine, Taurine, and Guarana) Exert Cytotoxic Effects on Human Neuronal SH-SY5Y Cells by Decreasing Reactive Oxygen Species Production	Oxidative Medicine and Cellular Longevity (Print)	ZEIDÁN-CHULIÁ, FARES ; GELAIN, DANIEL PENS ; KOLLING, EDUARDO ANTÔNIO ; RYBARCZYK-FILHO, JOSÉ LUIZ ; AMBROSI, PRISCILLA ; RESENDE TERRA, SILVIA ; PIRES, ANDRÉ SIMÕES ; DA ROCHA, JOÃO BATISTA TEIXEIRA ; ANTÔNIO BEHR, GUILHERME ; FONSECA MOREIRA, JOSÉ CLÁUDIO	B1	Oxidative Medicine and Cellular Longevity (Online)
artigoEmPeriodico	2012	http://dx.doi.org/10.1016/j.tiv.2011.10.006	The antioxidant properties of different phthalocyanines	Toxicology in Vitro	Amaral, Guilherme Pires ; Puntel, Gustavo Orione ; Dalla Corte, Cristiane Lenz ; Dobrachinski, Fernando ; Barcelos, RÃ´mulo Pillon ; Bastos, Luiza Lena ; Ã vila, Daiana Silva ; ROCHA, J. B. T. ; da Silva, Edegar Ozorio ; Puntel, Robson Luiz ; Soares, FÃ lix Alexandre Antunes	B1	
artigoEmPeriodico	2012	http://dx.doi.org/10.1016/j.freeradbiomed.2012.02.044	Organotellurium and organoselenium compounds attenuate Mn-induced toxicity in Caenorhabditis elegans by preventing oxidative stress	Free Radical Biology Medicine	Avila, Daiana Silva ; Benedetto, Alexandre ; Au, Catherine ; Manarin, Flávia ; Erikson, Keith ; Soares, Felix Antunes ; Rocha, João Batista Teixeira ; Aschner, Michael	A1	Free Radical Biology & Medicine
artigoEmPeriodico	2012		Ascorbic acid oxidation of thiol groups from dithiotreitol is mediated by its conversion to dehydroascorbic acid	EXCLI Journal	Barbosa, NBV. ; Barbosa, NBV. ; LISSNER, L. A. ; KLIMACZEWSKI, C. V. ; Colpo, E ; ROCHA, J. B. T.	Qualis nao identificado	EXCLI Journal
artigoEmPeriodico	2012	http://dx.doi.org/10.1002/jat.1648	Cd modifies hepatic Zn deposition and modulates Î´-ALA-D activity and MT levels by distinct mechanisms	JAT. Journal of Applied Toxicology	Braga, Marcos Martins ; Dick, Tuiskon ; Oliveira, Diogo Losch ; Guerra, Adriele Scopel ; Leite, Marina Concli ; Ardais, Ana Paula ; Souza, Diogo Onofre ; ROCHA, J. B. T.	B1	
artigoEmPeriodico	2012	http://dx.doi.org/10.1007/s12010-011-9492-8	Kinetics of Alloxan-Induced Inhibition on Î´-Aminolevulinate Dehydratase Activity in Mouse Liver Homogenates	Applied Biochemistry and Biotechnology	Brito, VerÃ´nica B. ; Folmer, Vanderlei ; Guerra, InÃªs Isabel R. ; ROCHA, J. B. T.	B2	
artigoEmPeriodico	2012	http://dx.doi.org/10.1016/j.pbb.2012.01.007	Resveratrol reduces vacuous chewing movements induced by acute treatment with fluphenazine	Pharmacology, Biochemistry and Behavior	Busanello, Alcindo ; Peroza, Luis R. ; Wagner, Caroline ; Sudati, Jéssie H. ; Pereira, Romaiana P. ; Prestes, Alessandro de S. ; Rocha, João B.T. ; Fachinetto, Roselei ; Barbosa, Nilda B.V.	B1	
artigoEmPeriodico	2012	http://dx.doi.org/10.3109/13880209.2011.641981	Antioxidant properties of fruit extract are involved in the protective effect against cellular death induced by sodium nitroprusside in brain of rats	Pharmaceutical Biology	Colle, Dirleise ; Arantes, Letícia Priscilla ; Rauber, Ricardo ; de Mattos, Sérgio Edgar Campos ; ROCHA, J. B. T. ; Nogueira, Cristina Wayne ; Soares, Félix Alexandre Antunes	B4	
artigoEmPeriodico	2012	http://dx.doi.org/10.3390/molecules17010934	Antioxidant Effect of Stryphnodendron rotundifolium Martius Extracts from Cariri-CearÃ State (Brazil): Potential Involvement in Its Therapeutic Use	Molecules (Basel. Online)	Costa, JosÃ Galberto Martins da ; Leite, GerlÃ nia de Oliveira ; Dubois, Albys Ferrer ; Seeger, Rodrigo Lopes ; Boligon, Aline Augusti ; Athayde, Margareth Linde ; Campos, Adriana Rolim ; Rocha, J.B.T.	B1	
artigoEmPeriodico	2012		Percepções de professores de ciências, matemática e educação física sobre suas práticas em escolas públicas	Revista Ciências Idéias	COUTINHO, R. X. ; SANTOS, W. M. ; FOLMER, V. ; FOLMER, V ; ROCHA, J. B. T. ; Puntel, R. L.	Qualis nao identificado	Revista Ciências Idéias
artigoEmPeriodico	2012	http://dx.doi.org/10.1007/s11192-012-0645-5	Brazilian scientific production in science education	Scientometrics (Print)	Coutinho, Renato X. ; Dávila, Eliziane S. ; dos Santos, Wendel M. ; ROCHA, J. B. T. ; Souza, Diogo O. G. ; Folmer, Vanderlei ; Puntel, Robson L.	Qualis nao identificado	Scientometrics (Print)
artigoEmPeriodico	2012	http://dx.doi.org/10.1016/j.brainres.2011.10.049	The combination of organoselenium compounds and guanosine prevents glutamate-induced oxidative stress in different regions of rat brains	Brain Research	Dalla Corte, Cristiane L. ; Bastos, Luíza L. ; Dobrachinski, Fernando ; Rocha, João B.T. ; Soares, Félix A.A.	B1	
artigoEmPeriodico	2012	http://dx.doi.org/10.1016/j.tet.2012.09.025	Diphenyl diselenide prevents methylmercury-induced mitochondrial dysfunction in rat liver slices	Tetrahedron (Oxford. Print)	DALLA CORTE, CRISTIANE L. ; SOARES, F. A. A. ; Soares, Félix A.A. ; Aschner, Michael ; ROCHA, J. B. T.	A2	
artigoEmPeriodico	2012	http://dx.doi.org/10.1007/s11064-012-0820-3	Cooperation of Non-Effective Concentration of Glutamatergic System Modulators and Antioxidant Against Oxidative Stress Induced by Quinolinic Acid	Neurochemical Research	Dobrachinski, Fernando ; Bastos, Luiza Lena ; Bridi, Jessika Cristina ; Corte, Cristiane Lenz Dalla ; Ávila, Daiana Silva ; ROCHA, J. B. T. ; Soares, Félix Alexandre Antunes	B1	
artigoEmPeriodico	2012	http://dx.doi.org/10.1016/j.neuint.2012.12.006	Metals, oxidative stress and neurodegeneration: A focus on iron, manganese and mercury	Neurochemistry International	Farina, Marcelo ; Avila, Daiana Silva ; DA ROCHA, JOÃO BATISTA TEIXEIRA ; ASCHNER, Michael	B1	
artigoEmPeriodico	2012		AÇÚCARES REDUTORES NO ENSINO SUPERIOR: ATIVIDADES BASEADAS NA RESOLUÇÃO DE PROBLEMAS	EXPERIÊNCIAS EM ENSINO DE CIÊNCIAS	FIGUEIRA, A. C. M. ; ROCHA, J. B. T.	B5	Experiências em Ensino de Ciências (UFRGS)
artigoEmPeriodico	2012	http://dx.doi.org/10.1590/s1984-82502012000300013	In vivo and in vitro genotoxicity studies of aqueous extract of Xanthium spinosum	Brazilian Journal of Pharmaceutical Sciences (Impresso)	GÜEZ, CAMILA MARTINS ; WACZUK, EMILY PANSERA ; PEREIRA, KARINA BRACCINI ; QUEROL, MARCUS VINÍCIUS MORINI ; ROCHA, JOÃO BATISTA TEIXEIRA DA ; OLIVEIRA, LUÍS FLÁVIO SOUZA DE	B5	
artigoEmPeriodico	2012	http://dx.doi.org/10.1016/j.cbi.2012.05.010	Modulation of diorganoyl dichalcogenides reactivity by non-bonded nitrogen interactions	Chemico-Biological Interactions (Print)	HASSAN, Waseem ; HASSAN, Waseem ; Narayanaperumal, Senthil ; Gul, Kashif ; Rahman, Ata Ur ; BRAGA, ANTONIO L. ; Rodrigues, Oscar D. ; Rocha, João Batista Teixeira ; RODRIGUES, O. E. D. ; BRAGA, ANTONIO L. ; Gul, Kashif ; Rahman, Ata Ur ; Narayanaperumal, Senthil ; Rodrigues, Oscar E.D. ; Rocha, João Batista Teixeira	B1	Chemico Biological Interactions (Print)
artigoEmPeriodico	2012	http://dx.doi.org/10.1007/s00204-011-0746-6	Diphenyl ditelluride induces hypophosphorylation of intermediate filaments through modulation of DARPP-32-dependent pathways in cerebral cortex of young rats	Archives of Toxicology	Heimfarth, Luana ; Loureiro, Samanta Oliveira ; Reis, Karina Pires ; Lima, BÃ rbara Ortiz ; Zamboni, Fernanda ; Lacerda, Sabrina ; Soska, Ã ngela Kronbauer ; Wild, Luisa ; ROCHA, J. B. T. ; Pessoa-Pureur, Regina	A1	
artigoEmPeriodico	2012	http://dx.doi.org/10.3109/01480545.2011.588711	Fe(II) and sodium nitroprusside induce oxidative stress: a comparative study of diphenyl diselenide and diphenyl ditelluride with their napthyl analog	Drug and Chemical Toxicology (New York, N.Y. 1978)	Ibrahim, Mohammad ; HASSAN, Waseem ; Anwar, Javed ; NOGUEIRA, Cristina W. ; ROCHA, J. B. T.	Qualis nao identificado	Drug and Chemical Toxicology (New York, N.Y. 1978)
artigoEmPeriodico	2012	http://dx.doi.org/10.1007/s12011-012-9327-7	Ethanol-Induced Oxidative Stress: The Role of Binaphthyl Diselenide as a Potent Antioxidant	Biological Trace Element Research (online)	Ibrahim, Mohammad ; HASSAN, Waseem ; Meinerz, Daiane Francine ; Oliveira Leite, Gerlânia ; NOGUEIRA, Cristina W. ; ROCHA, J. B. T.	B2	Biological Trace Element Research
artigoEmPeriodico	2012	http://dx.doi.org/10.1007/s10565-012-9217-y	Antioxidant activity and low toxicity of (E)-1-(1-(methylthio)-1-(selenopheny) hept-1-en-2-yl) pyrrolidin-2-one	Cell Biology and Toxicology	Ineu, Rafael Porto ; Santos, Matheus ; Rêgo Barros, Olga Soares ; Nogueira, Cristina Wayne ; Rocha, João Batista Teixeira ; ZENI, Gilson ; Pereira, Maria Ester	B1	
artigoEmPeriodico	2012		Polymerization of gallic acid enhances its antioxidant capacity:Implications for plant defence mechanisms	Biokemistri	Kade, Ige Joseph ; JOHNSON, D.O. ; AKPAMBANG, V.O.E. ; TEIXEIRA ROCHA, J.B.	Qualis nao identificado	Biokemistri
artigoEmPeriodico	2012		Pharmacology of organoselenium compounds: Emphasis on puzzling mechanistic switching from their glutathione peroxidase mimic in vivo	Biokemistri	Kade, Ige Joseph ; TEIXEIRA ROCHA, J.B.	Qualis nao identificado	Biokemistri
artigoEmPeriodico	2012	http://dx.doi.org/10.2478/v10007-012-0026-x	In vitro antioxidant activity of stem bark of Trichilia catigua Adr	Juss. ACTA PHARMACEUT	KAMDEM, JEAN PAUL ; Stefanello, Sílvio Terra ; Boligon, Aline Augusti ; Wagner, Caroline ; Kade, Ige Joseph ; Pereira, Romaiana Picada ; PRESTE, ALESSANDRO DE SOUZA ; Roos, Daniel Henrique ; WACZUK, EMILY PANSERA ; APPEL, ANDRE STORTI ; Athayde, Margareth Linde ; Souza, Diogo Onofre ; Rocha, João Batista Teixeira	Qualis nao identificado	Juss. ACTA PHARMACEUT
artigoEmPeriodico	2012	http://dx.doi.org/10.1007/s11064-012-0876-0	Catuaba (Trichilia catigua) Prevents Against Oxidative Damage Induced by In Vitro Ischemia Reperfusion in Rat Hippocampal Slices	Neurochemical Research	KAMDEM, JEAN PAUL ; WACZUK, EMILY PANSERA ; Kade, Ige Joseph ; Wagner, Caroline ; Boligon, Aline Augusti ; Athayde, Margareth Linde ; Souza, Diogo Onofre ; Rocha, João Batista Teixeira	B1	
artigoEmPeriodico	2012		Effect of Different Oximes on Rat and Human Cholinesterases Inhibited by Methamidophos: A Comparative In Vitro and In Silico Study	Basic Clinical Pharmacology Toxicology (Print)	LUGOKENSKI, T. H. ; GUBERT, P. ; BUENO, D. ; SARAIVA, R. A. ; NOGARA, P. ; Barcelos, RP ; Carratu, V ; BRESOLIN, L. ; Barbosa, NBV. ; Barbosa, NBV. ; PEREIRA, M. E. ; ROCHA, J. B. T. ; SOARES, F. A.	B1	Basic & Clinical Pharmacology & Toxicology (Print)
artigoEmPeriodico	2012	http://dx.doi.org/10.1080/15287394.2012.697840	Glia and Methylmercury Neurotoxicity	Journal of Toxicology and Environmental Health. Part A	Ni, Mingwei ; FARINA, M. ; Li, Xin ; ROCHA, J. B. T. ; FARINA, M. ; ASCHMER, M	B2	
artigoEmPeriodico	2012	http://dx.doi.org/10.1002/tox.21788	Effects of Hg(II) Exposure on MAPK Phosphorylation and Antioxidant System in D	melanogaster. Environmental Toxicology (Print)	Paula, Mariane T. ; Zemolin, A.P. ; VARGAS AP ; GOLOMBIESKI, R. M. ; Loreto, E. L.S. ; Saidelles, A.P. ; Picoloto, R.S. ; FLORES,E.M. M. ; Pereira, A.B. ; , Rocha JBT ; Merritt, T.J.S. ; Franco, J.L. ; POSSER, T	B1	Environmental Toxicology (Print)
artigoEmPeriodico	2012		Educação sexual em uma escola pública de Juazeiro do Norte/CE: percepção dos adolescentes.	Acta Scientiae (ULBRA)	QUIRINO, G. S. ; ROCHA, JOÃO BATISTA TEIXEIRA DA	Qualis nao identificado	Acta Scientiae (ULBRA)
artigoEmPeriodico	2012	http://dx.doi.org/10.1590/s0104-40602012000100014	Sexualidade e educação sexual na percepção docente	Educar em Revista (Impresso)	QUIRINO, GLAUBERTO DA SILVA ; ROCHA, JOÃO BATISTA TEIXEIRA DA	B5	
artigoEmPeriodico	2012	http://dx.doi.org/10.1039/c2tx20014g	Aminolevulinate dehydratase (δ-ALA-D) as marker protein of intoxication with metals and other pro-oxidant situations	Toxicology Research	ROCHA, JOAO B. T. ; SARAIVA, ROGERIO A. ; GARCIA, SOLANGE C. ; GRAVINA, FERNANDA S. ; NOGUEIRA, Cristina W.	Qualis nao identificado	Toxicology Research
artigoEmPeriodico	2012	http://dx.doi.org/10.1155/2012/831890	Mercury Toxicity	Journal of Biomedicine and Biotechnology (Print)	ROCHA, JOÃO B. T. ; Aschner, Michael ; DÓREA, JOSÉ G. ; CECCATELLI, SANDRA ; Farina, Marcelo ; SILVEIRA, LUIZ CARLOS L.	B1	
artigoEmPeriodico	2012	http://dx.doi.org/10.1016/j.foodchem.2011.09.026	Antioxidant and hepatoprotective activity of ethanolic extract of leaves of Solidago microglossa containing polyphenolic compounds	Food Chemistry	Sabir, S.M. ; Ahmad, S.D. ; Hamid, A. ; Khan, M.Q. ; Athayde, M.L. ; SANTOS, D.B. ; Boligon, A.A. ; Rocha, J.B.T.	A2	
artigoEmPeriodico	2012	http://dx.doi.org/10.1016/j.etap.2012.06.002	Antioxidant properties of -seleno amines against lipid peroxidation in rat brain and liver	Environmental Toxicology and Pharmacology	Sabir, S.M. ; Salman, Syed M. ; Rocha, J.B.T.	B2	
artigoEmPeriodico	2012		Molecular docking studies of disubstituted diaryl diselenides as mammalian delta-aminolevulinic acid dehydratase enzyme inhibitors.	Journal of Toxicology and Environmental Health. Part A	Saraiva, Rogério A. ; BUENO, D. C. ; NOGARA, P. A. ; ROCHA, J. B. T.	B2	
artigoEmPeriodico	2012	http://dx.doi.org/10.1007/s12640-011-9288-1	Acute Brain Damage Induced by Acetaminophen in Mice: Effect of Diphenyl Diselenide on Oxidative Stress and Mitochondrial Dysfunction	Neurotoxicity Research	Silva, Michele Hinerasky ; Rosa, Edovando JosÃ Flores ; Carvalho, NÃ lson Rodrigues ; Dobrachinski, Fernando ; ROCHA, J. B. T. ; Mauriz, Jose L. ; GonzÃ lez-Gallego, Javier ; Soares, FÃ lix Alexandre Antunes	Qualis nao identificado	Neurotoxicity Research
artigoEmPeriodico	2012	http://dx.doi.org/10.1007/s11010-012-1246-6	Antioxidant activity of -selenoamines and their capacity to mimic different enzymes	Molecular and Cellular Biochemistry	Souza Prestes, Alessandro ; Stefanello, Sílvio Terra ; Salman, Syed M. ; Pazini, Andréia Martini ; Schwab, Ricardo S. ; Braga, Antônio Luiz ; Vargas Barbosa, Nilda Berenice ; Rocha, J.B.T.	B1	
artigoEmPeriodico	2012	http://dx.doi.org/10.1016/j.bbr.2011.10.005	Could dietary trans fatty acids induce movement disorders? Effects of exercise and its influence on Na+K+-ATPase and catalase activity in rat striatum	Behavioural Brain Research	Teixeira, A.M. ; Dias, V.T. ; Pase, C.S. ; Roversi, K. ; Boufleur, N. ; Barcelos, R.C.S. ; Benvegnú, D.M. ; Trevizol, F. ; Dolci, G.S. ; Carvalho, N.R. ; Quatrin, A. ; Soares, F.A.A. ; RECKZIEGEL, P. ; Segat, H.J. ; Rocha, J.B.T. ; EMANUELLI, T. ; Bürger, M.E.	A2	
artigoEmPeriodico	2012	http://dx.doi.org/10.1080/02757540.2012.656610	Potential application of 2-(6-ethylamino-3-ethylimino-2,7-dimethyl-3H-xanthen-9-yl) benzoic acid phenyl thiourea for mercury determination	Chemistry in Ecology (Print)	Vargas, Alessandra P. ; Alves, Diego ; Wagner, Caroline ; Posser, Thais ; Puntel, Robson Luiz ; Rocha, João Batista T. ; Rocha, João Batista Teixeira	B4	
artigoEmPeriodico	2012	http://dx.doi.org/10.1007/s11010-012-1408-6	Diphenyl ditelluride targets brain selenoproteins in vivo: inhibition of cerebral thioredoxin reductase and glutathione peroxidase in mice after acute exposure	Molecular and Cellular Biochemistry	WAGNER, C ; COMPARSI, B. ; MEINERZ, D. F. ; FRANCO, J. L. ; POSSER, T. ; PRESTES, A. S. ; STEFANELLO, S. T. ; SANTOS, D. B. ; WAGNER, C. ; FARINA, M. ; ASCHNER, M. ; DAFRE, A. L. ; ROCHA, J. B. T.	B1	
artigoEmPeriodico	2012		A INTERDISCIPLINARIDADE ENTRE AS CIÊNCIAS E A EDUCAÇÃO FÍSICA NA VISÃO DE ALUNOS DO ENSINO FUNDAMENTAL E MÉDIO DA REDE PRIVADA	Revista Ciências Idéias	WEBER, J. V. ; SOARES, F. A. A. ; ROCHA, J. B. T. ; SOARES, F. A. A.	Qualis nao identificado	Revista Ciências Idéias
artigoEmPeriodico	2012	http://dx.doi.org/10.1016/j.neuro.2011.12.004	Protective effect of a novel peptide against methylmercury-induced toxicity in rat primary astrocytes	Neurotoxicology (Park Forest South)	Wormser, Uri ; Brodsky, Berta ; Milatovic, Dejan ; Finkelstein, Yoram ; FARINA, M. ; Farina, Marcelo ; ROCHA, J. B. T. ; Aschner, Michael	Qualis nao identificado	Neurotoxicology (Park Forest South)
artigoEmPeriodico	2012	http://dx.doi.org/10.1016/j.tox.2012.07.013	Evidences for a role of glutathione peroxidase 4 (GPx4) in methylmercury induced neurotoxicity in vivo	Toxicology (Amsterdam)	ZEMOLIN, A.P.P. ; MEINERZ, D. F. ; MEINERZ, D.F. ; DE PAULA, M.T. ; MARIANO, D.O.C. ; ROCHA, J. B. T. ; PEREIRA, A.B. ; POSSER, T. ; FRANCO, J.L.	Qualis nao identificado	Toxicology (Amsterdam)
artigoEmPeriodico	2011	http://dx.doi.org/10.1016/j.ijdevneu.2011.06.010	Effect of repeated restraint stress and clomipramine on Na+, K+-ATPase activity and behavior in rats.	International Journal of Developmental Neuroscience	BALK, R. ; SILVA, M. H. ; Bridi, JC ; de Carvalho, NR ; Portella, RL ; Dobrachinski, F ; Amaral, GP ; Barcelos, RP ; Dias G ; ROCHA, J. B. T. ; Barbosa, NBV. ; Barbosa, NBV. ; Soares, FA	B1	
artigoEmPeriodico	2011	http://dx.doi.org/10.1007/s11745-010-3514-0	Short Term Dietary Fish Oil Supplementation Improves Motor Deficiencies Related to Reserpine-Induced Parkinsonism in Rats	Lipids	Barcelos, Raquel Cristine Silva ; Benvegnú, Dalila Moter ; Boufleur, Nardeli ; Pase, Camila ; Teixeira, Angélica Martelli ; Reckziegel, Patrícia ; Emanuelli, Tatiana ; Rocha, J.B.T. ; Bürger, Marilise Escobar	B1	
artigoEmPeriodico	2011	http://dx.doi.org/10.1016/j.etp.2010.03.003	Inhibition of -aminolevulinate dehydratase is not closely related to the development of hyperglycemia in alloxan-induced diabetic mice	Experimental and Toxicologic Pathology (Print)	Brito, Verônica B. ; ROCHA, J. B. T. ; Puntel, Gustavo O. ; da Luz, Sônia Cristina A. ; Barbosa, Nilda B.V. ; de Carvalho, Nelson R. ; Folmer, Vanderlei	B1	
artigoEmPeriodico	2011	http://dx.doi.org/10.1016/j.etp.2011.08.002	Hepatoprotective effects of pecan nut shells on ethanol-induced liver damage	Experimental and Toxicologic Pathology (Print)	BURGER, M. E. ; Müller, Liz Girardi ; Pase, C.S. ; Reckziegel, Patrícia ; Barcelos, R.C.S. ; Boufleur, Nardeli ; Prado, Ana Cristina P. ; Fett, Roseane ; Block, Jane Mara ; Pavanato, Maria Amália ; Bauermann, Liliane F. ; ROCHA, J. B. T. ; Bürger, M.E.	B1	
artigoEmPeriodico	2011	http://dx.doi.org/10.1016/j.neulet.2011.07.050	Diphenyl diselenide and analogs are substrates of cerebral rat thioredoxin reductase: A pathway for their neuroprotective effects	Neuroscience Letters (Print)	de Freitas, Andressa Sausen ; ROCHA, J. B. T.	B1	
artigoEmPeriodico	2011	http://dx.doi.org/10.1016/j.taap.2011.05.001	Oxidative stress in MeHg-induced neurotoxicity	Toxicology and Applied Pharmacology	Farina, Marcelo ; Aschner, Michael ; Rocha, João B.T.	A1	
artigoEmPeriodico	2011	http://dx.doi.org/10.1016/j.lfs.2011.05.019	Mechanisms of methylmercury-induced neurotoxicity: Evidence from experimental studies	Life Sciences (1973)	Farina, Marcelo ; Rocha, João B.T. ; Aschner, Michael	B1	
artigoEmPeriodico	2011		INVESTIGANDO AS CONCEPÇÕES DOS ESTUDANTES DO ENSINO	Revista Ciências Idéias	FIGUEIRA, A.C.M. ; DA ROCHA, J.B.T., DAROCHA, J.B.T.	Qualis nao identificado	Revista Ciências Idéias
artigoEmPeriodico	2011	http://dx.doi.org/10.1016/j.lfs.2010.10.031	Low concentrations of methamidophos do not alter AChE activity but modulate neurotransmitters uptake in hippocampus and striatum in vitro	Life Sciences (1973)	Gubert, Priscila ; Ávila, Daiana Silva ; Bridi, Jessika Cristina ; Saurin, Sara ; Lugokenski, Thiago Henrique ; Villarinho, Jardel Gomes ; Fachinetto, Roselei ; Pereira, Maria Ester ; Ferreira, Juliano ; , Rocha JBT	B1	
artigoEmPeriodico	2011	http://dx.doi.org/10.1016/j.cbi.2011.01.012	Hydroxyl containing seleno-imine compound exhibits improved anti-oxidant potential and does not inhibit thiol-containing enzymes	Chemico-Biological Interactions (Print)	HASSAN, Waseem ; Pinton, Simone ; Rocha, Juliana Trevisan da ; Deobald, Anna Maria ; Braga, Antonio Luis ; Nogueira, Cristina Wayne ; Latini, Alexandra Susana ; ROCHA, J. B. T.	B1	Chemico Biological Interactions (Print)
artigoEmPeriodico	2011	http://dx.doi.org/10.1021/tx200307u	Cross-Talk among Intracellular Signaling Pathways Mediates the Diphenyl Ditelluride Actions on the Hippocampal Cytoskeleton of Young Rats	Chemical Research in Toxicology	Heimfarth, Luana ; Loureiro, Samanta Oliveira ; Reis, Karina Pires ; de Lima, Bárbara Ortiz ; Zamboni, Fernanda ; Gandolfi, Talita ; Narvaes, Rodrigo ; Rocha, J.B.T. ; Pessoa-Pureur, Regina	A2	
artigoEmPeriodico	2011	http://dx.doi.org/10.1097/FJC.0b013e31821d1149	Diphenyl Diselenide Effectively Reduces Atherosclerotic Lesions in LDLr / Mice by Attenuation of Oxidative Stress and Inflammation	Journal of Cardiovascular Pharmacology	Hort, Mariana Appel ; Straliotto, Marcos Raniel ; Netto, Paula Moro ; ROCHA, J. B. T. ; de Bem, Andreza Fabro ; Ribeiro-do-Valle, Rosa Maria	B1	
artigoEmPeriodico	2011	http://dx.doi.org/10.1016/j.etp.2010.02.007	Involvement of catalase in the protective effect of binaphthyl diselenide against renal damage induced by glycerol	Experimental and Toxicologic Pathology (Print)	Ibrahim, Mohammad ; Luchese, Cristiane ; Pinton, Simone ; Roman, Silvane S. ; HASSAN, Waseem ; NOGUEIRA, Cristina W. ; Rocha, João B.T.	B1	
artigoEmPeriodico	2011		CIÊNCIAS BIOLÓGICAS II DOUTORADO PLENO NO EXTERIOR E NO PAÍS: ESTUDO INVESTIGATIVO A RESPEITO	Diálogos Ciência (Online)	Jesus, Sandra Lopes ; DA ROCHA, J.B.T., DAROCHA, J.B.T.	Qualis nao identificado	Diálogos Ciência (Online)
artigoEmPeriodico	2011	http://dx.doi.org/10.1016/j.neuro.2010.11.008	-Glutamylcysteine ameliorates oxidative injury in neurons and astrocytes in vitro and increases brain glutathione in vivo	Neurotoxicology (Park Forest South)	Le, Truc M. ; Jiang, Haiyan ; Cunningham, Gary R. ; Magarik, Jordan A. ; Barge, William S. ; Cato, Marilyn C. ; Farina, Marcelo ; ROCHA, J. B. T. ; Milatovic, Dejan ; Lee, Eunsook ; Aschner, Michael ; Summar, Marshall L.	Qualis nao identificado	Neurotoxicology (Park Forest South)
artigoEmPeriodico	2011	http://dx.doi.org/10.3109/01480541003782294	Inhibitory effect of ebselen on lactate dehydrogenase activity from mammals: a comparative study with diphenyl diselenide and diphenyl ditelluride	Drug and Chemical Toxicology (New York, N.Y. 1978)	Lugokenski, Thiago H. ; Müller, Liz G. ; Taube, Paulo S. ; Rocha, João B.T. ; Pereira, Maria E.	Qualis nao identificado	Drug and Chemical Toxicology (New York, N.Y. 1978)
artigoEmPeriodico	2011	http://dx.doi.org/10.1016/j.brainresbull.2011.10.003	Protective effect of Melissa officinalis aqueous extract against Mn-induced oxidative stress in chronically exposed mice	Brain Research Bulletin	Martins, Eduarda N. ; Pessano, Naira T.C. ; Leal, Luiza ; Roos, Daniel H. ; FOLMER, Vanderlei ; Puntel, Gustavo O. ; Aschner, Michael ; ÁVILA, Daiana Silva de ; Ávila, Daiana Silva ; Puntel, Robson Luiz	B1	
artigoEmPeriodico	2011	http://dx.doi.org/10.1590/S0100-879X2011007500136	Protective effects of organoselenium compounds against methylmercury-induced oxidative stress in mouse brain mitochondrial-enriched fractions	Brazilian Journal of Medical and Biological Research on line	Meinerz, D.F. ; de Paula, M.T. ; Comparsi, B. ; Silva, M.U. ; Schmitz, A.E. ; Braga, H.C. ; Taube, P.S. ; Braga, A.L. ; Rocha, J.B.T. ; Dafre, A.L. ; FARINA, M. ; Franco, J.L. ; POSSER, T.	Qualis nao identificado	Brazilian Journal of Medical and Biological Research on line
artigoEmPeriodico	2011	http://dx.doi.org/10.1007/s00204-010-0555-3	Evaluation of the biological effects of (S)-dimethyl 2-(3-(phenyltellanyl) propanamido) succinate, a new telluroamino acid derivative of aspartic acid	Archives of Toxicology	Meinerz, Daiane Francine ; Sudati, Jéssie H. ; dos Santos, Danúbia B. ; Frediani, Andressa ; Alberto, Eduardo E. ; Allebrandt, Josiane ; Franco, Jeferson L. ; Barbosa, Nilda B. V. ; Aschner, Michael ; da Rocha, João Batista T. ; ROCHA, J. B. T.	A1	
artigoEmPeriodico	2011		Educação sexual na escola: implicações para a práxis dos adultos de referência a partir das dúvidas e curiosidades dos adolescentes	REEC. Revista Electrónica de Enseñanza de las Ciencias	MOREIRA, B.L.R. ; ROCHA, J. B. T. ; PUNTEL, Robson Luís ; FOLMER, V. ; FOLMER, V.	B5	
artigoEmPeriodico	2011	http://dx.doi.org/10.1002/glia.21153	Comparative study on the response of rat primary astrocytes and microglia to methylmercury toxicity	GLIA (New York, N.Y. : Print)	Ni, Mingwei ; Li, Xin ; Yin, Zhaobao ; Sidoryk-W?Grzynowicz, Marta ; Jiang, Haiyan ; Farina, Marcelo ; ROCHA, J. B. T. ; SYVERSEN, Tore ; Aschner, Michael	Qualis nao identificado	GLIA (New York, N.Y. : Print)
artigoEmPeriodico	2011	http://dx.doi.org/10.1007/s00204-011-0720-3	Toxicology and pharmacology of selenium: emphasis on synthetic organoselenium compounds	Archives of Toxicology	NOGUEIRA, Cristina W. ; ROCHA, J. B. T.	A1	
artigoEmPeriodico	2011	http://dx.doi.org/10.1016/j.etp.2010.01.002	Attachment of rhamnosyl glucoside on quercetin confers potent iron-chelating ability on its antioxidant properties	Experimental and Toxicologic Pathology (Print)	Omololu, P.A. ; Rocha, J.B.T. ; Kade, I.J.	B1	
artigoEmPeriodico	2011		ANTIOXIDATIVE PROPERTIES OF ETHYL ACETATE FRACTION OF UNRIPE PULP OF CARICA PAPAYA IN MICE	The Journal of Microbiology, Biotechnology and Food Sciences	Omotade Oloyede ; FRANCO, J. ; ROOS, Daniel Henrique ; ROOS, Daniel Henrique ; ROCHA, J. B. T. ; ATHAYDE, M. ; BOLIGON, A.	Qualis nao identificado	The Journal of Microbiology, Biotechnology and Food Sciences
artigoEmPeriodico	2011		Studies on the antioxidant potential of extracts from unripe fruit of Carica papaya	Journal of Life Sciences	Omotade Oloyede ; ROOS, Daniel Henrique ; ROCHA, J. B. T.	B3	NJAS Wageningen Journal of Life Sciences
artigoEmPeriodico	2011	http://dx.doi.org/10.1016/j.neuint.2011.03.002	Inorganic mercury interacts with thiols at the nucleotide and cationic binding sites of the ouabain-sensitive cerebral electrogenic sodium pump	Neurochemistry International	Omotayo, T.I. ; Rocha, J.B.T. ; Ibukun, E.O. ; Kade, I.J.	B1	
artigoEmPeriodico	2011	http://dx.doi.org/10.1007/s00702-011-0640-7	Valeriana officinalis ameliorates vacuous chewing movements induced by reserpine in rats	Journal of Neural Transmission	Pereira, Romaiana Picada ; Fachinetto, Roselei ; Souza Prestes, Alessandro ; Wagner, Caroline ; Sudati, Jéssie Haigert ; Boligon, Aline Augusti ; Athayde, Margareth Linde ; MORSCH, Vera Maria ; ROCHA, J. B. T.	B1	
artigoEmPeriodico	2011	http://dx.doi.org/10.1007/s00204-010-0602-0	Diphenyl diselenide induces apoptotic cell death and modulates ERK1/2 phosphorylation in human neuroblastoma SH-SY5Y cells	Archives of Toxicology	Posser, Thaís ; Paula, Mariane Trindade ; Franco, Jeferson Luis ; Leal, Rodrigo B. ; ROCHA, J. B. T.	A1	
artigoEmPeriodico	2011	http://dx.doi.org/10.1016/j.prp.2011.06.005	Effects of diphenyl diselenide on oxidative stress induced by sepsis in rats	Pathology, Research and Practice (Print)	Prauchner, Carlos A. ; Prestes, Alessandro de S. ; ROCHA, J. B. T.	Qualis nao identificado	Pathology, Research and Practice (Print)
artigoEmPeriodico	2011	http://dx.doi.org/10.3109/10715762.2010.517252	Therapeutic cold: An effective kind to modulate the oxidative damage resulting of a skeletal muscle contusion	Free Radical Research	Puntel, Gustavo O. ; Carvalho, NÃ lson R. ; Amaral, Guilherme P. ; Lobato, Lauren D. ; Silveira, SÃ rgio O. ; Daubermann, Melissa F. ; Barbosa, Nilda V. ; ROCHA, J. B. T. ; Soares, FÃ lix A. A.	B1	
artigoEmPeriodico	2011	http://dx.doi.org/10.1177/0960327110372399	Dexmedetomidine protects blood -aminolevulinate dehydratase from inactivation caused by hyperoxygenation in total intravenous anesthesia	Human Experimental Toxicology	ROCHA, J. B. T. ; Heinzmann Bulow, N. M. ; Correa, E. F. ; SCHOLZE, C. ; NOGUEIRA, C. W. ; BARBOSA, N. B.	B2	Human & Experimental Toxicology
artigoEmPeriodico	2011	http://dx.doi.org/10.1016/j.taap.2011.01.010	Modulation of methylmercury uptake by methionine: Prevention of mitochondrial dysfunction in rat liver slices by a mimicry mechanism	Toxicology and Applied Pharmacology	Roos, Daniel Henrique ; Puntel, Robson Luiz ; Farina, Marcelo ; Aschner, Michael ; Bohrer, Denise ; ROCHA, J. B. T. ; De Vargas Barbosa, Nilda B.	A1	
artigoEmPeriodico	2011		O USO DE UMA FERRAMENTA PEDAGÓGICA SOBRE FUMO PASSIVO ENTRE ALUNOS DE ENSINO FUNDAMENTAL	Experiências em Ensino de Ciências (UFRGS)	SALLA, L. F.S ; DA ROCHA, J.B.T., DAROCHA, J.B.T. ; SALLA, R.F.	B5	
artigoEmPeriodico	2011		Synergistic action between Caryocar coriaceum Wittm	fixed oil with aminoglycosides in vitro.. European Journal of Lipid Science and Technology (Print)	Saraiva, R. A. ; Costa, J.G.M. ; Costa, José G.M. ; COUTINHO, H. D. M. ; MATIAS, E. F.F. ; ROCHA, J. B. T. ; MENEZES, I. R. A.	B2	European Journal of Lipid Science and Technology (Print)
artigoEmPeriodico	2011	http://dx.doi.org/10.1016/j.jep.2010.07.002	Topical anti-inflammatory effect of Caryocar coriaceum Wittm	(Caryocaraceae) fruit pulp fixed oil on mice ear edema induced by different irritant agents. Journal of Ethnopharmacology	Saraiva, Rogério A. ; Araruna, Mariana K.A. ; Oliveira, Romagna C. ; Menezes, Kleber D.P. ; Leite, Gerlânia O. ; Kerntopf, Marta R. ; Costa, José G.M. ; Rocha, João B.T. ; Tomé, Adriana R. ; Campos, Adriana R. ; Menezes, Irwin R.A.	A2	Journal of Ethnopharmacology
artigoEmPeriodico	2011		CONSTRUINDO UM MICROSCÓPIO II	BEM SIMPLES E MAIS BARATO.. Genética na Escola	SEPEL, L. M. N. ; DA ROCHA, J.B.T., DAROCHA, J.B.T. ; LORETO, E. L. da S.	Qualis nao identificado	BEM SIMPLES E MAIS BARATO.. Genética na Escola
artigoEmPeriodico	2011	http://dx.doi.org/10.1016/j.neuropharm.2010.10.017	Beneficial effects of an innovative exercise model on motor and oxidative disorders induced by haloperidol in rats	Neuropharmacology	Teixeira, A. ; Müller, L.G. ; RECKZIEGEL, P. ; Boufleur, N. ; Pase, C.S. ; Villarinho, J.G. ; FACHINETTO, R. ; Ferreira, J. ; Rocha, J.B.T. ; Bürger, M.E.	Qualis nao identificado	Neuropharmacology
artigoEmPeriodico	2011	http://dx.doi.org/10.1016/j.neuroscience.2011.08.055	Exercise affects memory acquisition, anxiety-like symptoms and activity of membrane-bound enzyme in brain of rats fed with different dietary fats: impairments of trans fat	Neuroscience	Teixeira, A.M. ; Pase, C.S. ; Boufleur, N. ; Roversi, K. ; Barcelos, R.C.S. ; Benvegnú, D.M. ; Segat, H.J. ; Dias, V.T. ; RECKZIEGEL, P. ; Trevizol, F. ; Dolci, G.S. ; Carvalho, N.R. ; Soares, F.A.A. ; Rocha, J.B.T. ; EMANUELLI, T. ; Bürger, M.E.	Qualis nao identificado	Neuroscience
artigoEmPeriodico	2011	http://dx.doi.org/10.1016/j.pbb.2010.11.004	Comparative study between n-6, trans and n-3 fatty acids on repeated amphetamine exposure: A possible factor for the development of mania	Pharmacology, Biochemistry and Behavior	Trevizol, Fabíola ; Benvegnú, Dalila M. ; Barcelos, Raquel C.S. ; Boufleur, Nardeli ; Dolci, Geisa S. ; Müller, Liz G. ; Pase, Camila S. ; Reckziegel, Patrícia ; Dias, Verônica T. ; Segat, Hecson ; Rocha, J.B.T.	B1	
artigoEmPeriodico	2011	http://dx.doi.org/10.1016/j.neuro.2011.01.004	Methylmercury-induced alterations in astrocyte functions are attenuated by ebselen	Neurotoxicology (Park Forest South)	Yin, Zhaobao ; Lee, Eunsook ; Ni, Mingwei ; Jiang, Haiyan ; Milatovic, Dejan ; Rongzhu, Lu ; Farina, Marcelo ; Rocha, J.B.T. ; Aschner, Michael	Qualis nao identificado	Neurotoxicology (Park Forest South)
artigoEmPeriodico	2011	http://dx.doi.org/10.1016/j.ejphar.2011.04.031	Hepatoprotective activity of a vinylic telluride against acute exposure to acetaminophen	European Journal of Pharmacology	Ávila, Daiana Silva ; Palma, Aline Schwertner ; Colle, Dirleise ; Scolari, Rogério ; Manarin, Flávia ; da Silveira, Aron Ferreira ; Nogueira, Cristina Wayne ; Rocha, J.B.T. ; Soares, Félix Alexandre Antunes	B1	
artigoEmPeriodico	2010	http://dx.doi.org/10.1093/toxsci/kfp282	Acute Treatment with Diphenyl Diselenide Inhibits Glutamate Uptake into Rat Hippocampal Slices and Modifies Glutamate Transporters, SNAP-25, and GFAP Immunocontent	Toxicological Sciences	Ardais, A. P. ; Viola, G. G. ; Costa, M. S. ; Nunes, F. ; Behr, G. A. ; Klamt, F. ; Moreira, J. C. F. ; SOUZA, D. O. ; ROCHA, J. B. T. ; PORCIUNCULA, L. O.	A1	Toxicological Sciences (Print)
artigoEmPeriodico	2010	http://dx.doi.org/10.1093/toxsci/kfq036	A Possible Neuroprotective Action of a Vinylic Telluride against Mn-Induced Neurotoxicity	Toxicological Sciences (Print)	AVILA, D. S. ; COLLE, D. ; GUBERT, P. ; Palma, A. S. ; PUNTEL, G. ; Manarin, F. ; NOREMBERG, S. ; Nascimento, P. C. ; Aschner, M. ; ROCHA, J. B. T. ; SOARES, F. A. A.	A1	
artigoEmPeriodico	2010		EVALUATION OF ANTIOXIDANT AND FREE RADICAL SCAVENGING ACTIVITIES OF FRUIT EXTRACT FROM ZANTHOXYLUM ALATUM: A COMMONLY USED SPICE FROM PAKISTAN	Pakistan Journal of Botany	BATOOL, F. ; Sabir, S.M. ; SHAH, A.H. ; AHMED, S.D. ; , Rocha JBT	Qualis nao identificado	Pakistan Journal of Botany
artigoEmPeriodico	2010	http://dx.doi.org/10.1016/j.bbr.2010.05.034	Caffeine prevents disruption of memory consolidation in the inhibitory avoidance and novel object recognition tasks by scopolamine in adult mice	Behavioural Brain Research	Botton, Paulo Henrique ; Costa, Marcelo S. ; Ardais, Ana Paula ; Mioranzza, Sabrina ; Souza, Diogo O. ; ROCHA, J. B. T. ; Porciúncula, Lisiane O.	A2	
artigoEmPeriodico	2010	http://dx.doi.org/10.1111/j.1742-7843.2010.00576.x	In vitro Reactivating Effects of Standard and Newly Developed Oximes on Malaoxon-Inhibited Mouse Brain Acetylcholinesterase	Basic Clinical Pharmacology Toxicology (Print)	Dos Santos, Alessandra Antunes ; Dos Santos, Danúbia Bonfanti ; Dafre, Alcir Luiz ; de Bem, Andreza Fabro ; Souza, Diogo Onofre ; ROCHA, J. B. T. ; Kuca, Kamil ; FARINA, Marcelo	B1	Basic & Clinical Pharmacology & Toxicology (Print)
artigoEmPeriodico	2010		(Plano de aula) Bioquímica Experimental: Proposta para o ensino de Açúcares Redutores	Revista Brasileira de Ensino de Bioquímica e Biologia Molecular	FIGUEIRA, A. C. M. ; Azzolin, K. A. S. ; Sudati, J.H. ; ROCHA, J. B. T.	Qualis nao identificado	Revista Brasileira de Ensino de Bioquímica e Biologia Molecular
artigoEmPeriodico	2010	http://dx.doi.org/10.1016/j.etap.2010.07.003	Structure activity relationship of flavonoids derived from medicinal plants in preventing methylmercury-induced mitochondrial dysfunction	Environmental Toxicology and Pharmacology	Franco, Jeferson L ; Posser, Thais ; Missau, Fabiana ; Pizzolatti, Moacir G. ; Santos, Adair R. S. ; Souza, Diogo O. ; Aschner, Michael ; ROCHA, J. B. T. ; Dafre, Alcir L. ; Farina, Marcelo	B2	
artigoEmPeriodico	2010	http://dx.doi.org/10.1016/j.neuro.2010.05.012	Oxidative stress-mediated inhibition of brain creatine kinase activity by methylmercury	Neurotoxicology (Park Forest South)	Glaser, Viviane ; Leipnitz, Guilhian ; Straliotto, Marcos Raniel ; Oliveira, Jade ; dos Santos, Vanessa Valgas ; Wannmacher, Clóvis Milton Duval ; de Bem, Andreza Fabro ; , Rocha JBT ; Farina, Marcelo ; Latini, Alexandra	Qualis nao identificado	Neurotoxicology (Park Forest South)
artigoEmPeriodico	2010	http://dx.doi.org/10.1016/j.ijdevneu.2010.07.225	Effects of inorganic selenium administration in methylmercury-induced neurotoxicity in mouse cerebral cortex	International Journal of Developmental Neuroscience	Glaser, Viviane ; Nazari, Evelise Maria ; Müller, Yara Maria Rauh ; Feksa, Luciane ; Wannmacher, Clóvis Milton Duval ; Rocha, J.B.T. ; Bem, Andreza Fabro de ; Farina, Marcelo ; Latini, Alexandra	B1	
artigoEmPeriodico	2010	http://dx.doi.org/10.1016/j.prp.2009.12.009	Diphenyl diselenide behaves differently than ebselen under different pH media in rat s liver preparations	Pathology, Research and Practice (Print)	HASSAN, Waseem ; IBRAHIM, M. ; ROCHA, J. B. T.	Qualis nao identificado	Pathology, Research and Practice (Print)
artigoEmPeriodico	2010	http://dx.doi.org/10.1002/cbf.1645	Protective effect of binaphthyl diselenide, a synthetic organoselenium compound, on 2-nitropropane-induced hepatotoxicity in rats	Cell Biochemistry and Function	Ibrahim, Mohammad ; Prigol, Marina ; HASSAN, Waseem ; NOGUEIRA, Cristina W. ; ROCHA, J. B. T.	B2	
artigoEmPeriodico	2010	http://dx.doi.org/10.1016/j.ejphar.2010.03.019	Involvement of l-arginine nitric oxide cyclic guanosine monophosphate pathway in the antidepressant-like effect of bis selenide in the mouse tail suspension test	European Journal of Pharmacology	Jesse, Cristiano R. ; Wilhelm, Ethel A. ; Bortolatto, Cristiani F. ; Rocha, João B.T. ; NOGUEIRA, Cristina W.	B1	
artigoEmPeriodico	2010		Aqueous extracts of Sphagneticola trilobata attenuates streptozotocin-induced hyperglycaemia in rat models by modulating oxidative stress parameters	Biology and Medicine	KADE, I. J. ; Barbosa, NBV. ; Barbosa, NBV. ; IBUKUNA, E. ; IGBAKINC, A. ; NOGUEIRA, C. W. ; ROCHA, J. B. T.	B3	Computers in Biology and Medicine
artigoEmPeriodico	2010	http://dx.doi.org/10.1002/jat.1542	Comparative study on the influence of subcutaneous administration of diphenyl and dicholesteroyl diselenides on sulphydryl proteins and antioxidant parameters in mice	JAT. Journal of Applied Toxicology	KADE, I. J. ; ROCHA, J. B. T.	B1	
artigoEmPeriodico	2010	http://dx.doi.org/10.1016/j.cellimm.2010.08.001	In vitro and in vivo interactions of aluminum on NTPDase and AChE activities in lymphocytes of rats	Cellular Immunology (Print)	Kaizer, Rosilene R. ; Gutierres, Jessié M. ; Schmatz, Roberta ; Spanevello, Rosélia M. ; Morsch, Vera M. ; SCHETINGER, Maria R.c. ; Rocha, João B.T.	B1	
artigoEmPeriodico	2010	http://dx.doi.org/10.1590/S0103-50532010001100006	Diphenyl diselenide a janus-faced molecule	Journal of the Brazilian Chemical Society (Impresso)	NOGUEIRA, Cristina W ; ROCHA, J. B. T.	A2	
artigoEmPeriodico	2010	http://dx.doi.org/10.1093/toxsci/kfq185	Mitochondrial Dysfunction Induced by Different Organochalchogens Is Mediated by Thiol Oxidation and Is Not Dependent of the Classical Mitochondrial Permeability Transition Pore Opening	Toxicological Sciences (Print)	PUNTEL, R. L. ; Roos, D. H. ; FOLMER, V. ; NOGUEIRA, C. W. ; Galina, A. ; Aschner, M. ; ROCHA, J. B. T.	A1	
artigoEmPeriodico	2010	http://dx.doi.org/10.1007/s11259-010-9426-x	Effect of selenium and vitamin E on oxidative stress in lambs experimentally infected with Haemonchus contortus	Veterinary Research Communications	Reo Leal, Marta Lizandra ; Camargo, Emmanuel Veiga ; Henrique Ross, Daniel ; Molento, Marcelo Beltrão ; Anjos Lopes, Sonia Terezinha ; ROCHA, J. B. T.	Qualis nao identificado	Veterinary Research Communications
artigoEmPeriodico	2010	http://dx.doi.org/10.1111/j.1742-7843.2010.00577.x.	Complex methylmercury-cysteine alters mercury accumulation in different tissues of mice	Basic Clinical Pharmacology Toxicology (Print)	Roos, Daniel Henrique ; Puntel, Robson Luiz ; Lugokenski, Thiago Henrique ; Ineu, Rafael Porto ; Bohrer, Denise ; Burger, Marilise Escobar ; Franco, Jeferson L ; Farina, Marcelo ; Aschner, Michael ; , Rocha JBT ; Barbosa, Nilda Vargas	B1	Basic & Clinical Pharmacology & Toxicology (Print)
artigoEmPeriodico	2010	http://dx.doi.org/10.3390/molecules15117700	Reduction of Diphenyl Diselenide and Analogs by Mammalian Thioredoxin Reductase Is Independent of Their Gluthathione Peroxidase-Like Activity: A Possible Novel Pathway for Their Antioxidant Activity	Molecules (Basel. Online)	Sausen de Freitas, Andressa ; de Souza Prestes, Alessandro ; Wagner, Caroline ; Haigert Sudati, JÃ ssie ; Alves, Diego ; Oliveira PorciÃºncula, Lisiane ; Kade, Ige Joseph ; ROCHA, J. B. T.	B1	
artigoEmPeriodico	2010	http://dx.doi.org/10.1002/jat.1560	Acute exposure of rabbits to diphenyl diselenide: a toxicological evaluation	JAT. Journal of Applied Toxicology	Straliotto, Marcos Raniel ; Mancini, Gianni ; Oliveira, Jade ; Nazari, Evelise Maria ; Müller, Yara Maria Rauh ; Dafre, Alcir ; Ortiz, Susana ; Silva, Edson Luiz ; FARINA, Marcelo ; Latini, Alexandra ; , Rocha JBT ; de Bem, Andreza Fabro	B1	
artigoEmPeriodico	2010	http://dx.doi.org/10.1007/s00204-009-0482-3	Comparative study of quercetin and its two glycoside derivatives quercitrin and rutin against methylmercury (MeHg)-induced ROS production in rat brain slices.	Archives of Toxicology	WAGNER, C ; VARGAS AP ; ROOS,D.H. ; MOREL, A F ; FARINA, M ; , NOGUEIRA, C. W. ; ASCHNER, M ; , Rocha JBT	A1	
artigoEmPeriodico	2010	http://dx.doi.org/10.1007/s10534-010-9367-4	In vivo and in vitro inhibition of mice thioredoxin reductase by methylmercury	BioMetals (Oxford)	Wagner, Caroline ; Sudati, Jéssie H. ; Nogueira, Cristina Wayne ; Rocha, João B.T.	B1	
artigoEmPeriodico	2009	http://dx.doi.org/10.1080/02772240802553366	Toxicological effects of N,N,N',N'-tetramethylethylenediamine on electric eel (Electrophorus electricus) acetylcholinesterase and human serum butyrylcholinesterase	Toxicological and Environmental Chemistry (Print)	AHMED, Mushtaq ; Schetinger, Maria ; , Rocha JBT ; MORSCH, Vera Maria ; Khan, Gul Majid	Qualis nao identificado	Toxicological and Environmental Chemistry (Print)
artigoEmPeriodico	2009		Antioxidant Properties of Water Extracts for the Iraqi Plants Phoenix Dactylifera, Loranthus Europeas, Zingiber	Modern Applied Science	Ahmed, S.H. ; Rocha, Joao Batista Teixeira	Qualis nao identificado	Modern Applied Science
artigoEmPeriodico	2009	http://dx.doi.org/10.1002/ejoc.200900485	Efficient Synthesis of Modular Amino Acid Derivatives Containing Selenium with Pronounced GPx-Like Activity	European Journal of Organic Chemistry	Alberto, Eduardo E. ; Soares, Letiére C. ; Sudati, Jéssie H. ; Borges, Antonio C. A. ; Rocha, João B. T. ; BRAGA, ANTONIO L. ; ROCHA, J. B. T.	A2	European Journal of Organic Chemistry (Print)
artigoEmPeriodico	2009	http://dx.doi.org/10.1016/j.biortech.2009.03.091	Antioxidant activities of flavonol derivatives from the leaves and stem bark of Scutia buxifolia Reiss	Bioresource Technology	Boligon, Aline Augusti ; Pereira, Romaiana Picada ; Feltrin, Andriéli Cassel ; Machado, Michel Mansur ; Janovik, Vanessa ; ROCHA, João Batista Teixeira ; Athayde, Margareth Linde ; ROCHA, J. B. T.	A1	
artigoEmPeriodico	2009	http://dx.doi.org/10.1039/b814990a	Synthesis of telluroamino acid derivatives with remarkable GPx like activity	Organic and Biomolecular Chemistry	BRAGA, A. L. ; ALBERTO, E. E. ; SOARES, L. C. ; ROCHA, J. B. T. ; SUDATI, J. H. ; ROOS,D.H.	A2	Organic & Biomolecular Chemistry
artigoEmPeriodico	2009		Diphenyl diselenide and diphenyl ditelluride increase the latency for 4-aminopyridine-induced chemical seizure and prevent death in mice	Acta Biochimica Polonica	BRITO, V. B. ; Rocha, J.B.T. ; FOLMER, V. ; ERTHAL, F	Qualis nao identificado	Acta Biochimica Polonica
artigoEmPeriodico	2009	http://dx.doi.org/10.1111/j.1742-7843.2009.00417.x	Chronic Treatment with Fluphenazine Alters Parameters of Oxidative Stress in Liver and Kidney of Rats	Basic Clinical Pharmacology Toxicology (Print)	Corte, Cristiane L. Dalla ; Fachinetto, Roselei ; Puntel, Robson ; Wagner, Caroline ; NOGUEIRA, Cristina W. ; Soares, Félix A. Antunes ; Rocha, João B. T. ; ROCHA, J. B. T.	B1	Basic & Clinical Pharmacology & Toxicology (Print)
artigoEmPeriodico	2009		Radiomodifying effect of organic grape juice supplementation on hematological parameters and organ weight in whole-body X-irradiation in rats	Nutrición Hospitalaria	de Andrade ER ( de Andrade, E. Ramos) ; piccoli JDE ; IBM, C. ; , Rocha JBT ; Garzo E. ; R., M. ; JL, M. ; GONZALES P (Gonzales P) ; JP, B.	B3	
artigoEmPeriodico	2009	http://dx.doi.org/10.1111/j.1742-7843.2009.00414.x	Diphenyl Diselenide Decreases Serum Levels of Total Cholesterol and Tissue Oxidative Stress in Cholesterol-fed Rabbits	Basic Clinical Pharmacology Toxicology (Print)	de Bem, Andreza Fabro ; de Lima Portella, Rafael ; Colpo, Elisângela ; Duarte, Marta Maria Medeiros Frescura ; Frediane, Andressa ; Taube, Paulo Sergio ; Nogueira, Cristina Wayne ; FARINA, Marcelo ; da Silva, Edson Luiz ; Teixeira Rocha, João Batista ; ROCHA, J. B. T.	B1	Basic & Clinical Pharmacology & Toxicology (Print)
artigoEmPeriodico	2009	http://dx.doi.org/10.1016/j.brainresbull.2008.11.001	Diphenyl diselenide, a simple organoselenium compound, decreases methylmercury-induced cerebral, hepatic and renal oxidative stress and mercury deposition in adult mice	Brain Research Bulletin	de Freitas, Andressa Sausen ; Funck, Vinícius Rafael ; Rotta, Mariana dos Santos ; Bohrer, Denise ; Mörschbächer, Vanessa ; Puntel, Robson Luís ; Nogueira, Cristina Wayne ; FARINA, Marcelo ; ASCHNER, Michael ; ROCHA, João Batista Teixeira ; ROCHA, J. B. T.	B1	
artigoEmPeriodico	2009	http://dx.doi.org/10.1016/j.clinbiochem.2009.01.010	Association between ischemia-modified albumin, lipids and inflammation biomarkers in patients with hypercholesterolemia.	Clinical Biochemistry	DUARTE, MMF ; ROCHA, J. B. T. ; MORESCO, R. ; DUARTE, T. ; CRUZ, I. ; LORO, V. L. ; SCHETINGER, M. R. C.	B1	
artigoEmPeriodico	2009		(Plano de aula) IDENTIFICANDO PROTEÍNAS COM O REATIVO BIURETO	Revista Brasileira de Ensino de Bioquímica e Biologia Molecular	FIGUEIRA, A. C. M. ; ROCHA, J. B. T.	Qualis nao identificado	Revista Brasileira de Ensino de Bioquímica e Biologia Molecular
artigoEmPeriodico	2009		Experimental activities based on ill-structured problems improve Brazilian school students understanding of the nature of scientific knowledge	REEC. Revista Electrónica de Enseñanza de las Ciencias	FOLMER, V. ; BARBOSA, N.B.V. ; SOARES, F. A. ; ROCHA, J. B. T.	B5	
artigoEmPeriodico	2009	http://dx.doi.org/10.2478/s11756-009-0034-6	Photosynthetic pigments content, ?-aminolevulinic acid dehydratase and acid phosphatase activities and mineral nutrients concentration in cadmium-exposed Cucumis sativus L.	Biologia (Bratislava)	Gonçalves, Jamile F. ; Nicoloso, Fernando T. ; Becker, Alexssandro G. ; Pereira, Luciane B. ; Tabaldi, Luciane A. ; Cargnelutti, Denise ; Pelegrin, Carla M. G. ; Dressler, Valderi L. ; ROCHA, J. B. T. ; Schetinger, Maria Rosa C.	B4	
artigoEmPeriodico	2009	http://dx.doi.org/10.1186/1471-2407-9-138	Delta-ALA-D activity is a reliable marker for oxidative stress in bone marrow transplant patients.	BMC Cancer (Online)	GONÇALVES, T. L. ; BENVEGNÚ, D. M. ; BONFANTI, G. ; FREDIANI, A.V. ; , Rocha JBT	Qualis nao identificado	BMC Cancer (Online)
artigoEmPeriodico	2009	http://dx.doi.org/10.1016/j.clinbiochem.2008.12.001	Oxidative stress and δ-ALA-D activity in different conditioning regimens in allogeneic bone marrow transplantation patients	Clinical Biochemistry	GONÇALVES, T. L. ; BENVEGNÚ, D. M. ; BONFANTI, G. ; FREDIANI, A.V. ; PEREIRA, D.V ; ROCHA, J. B. T.	B1	
artigoEmPeriodico	2009	http://dx.doi.org/10.1016/j.phrs.2008.12.005	?-Aminolevulinate dehydratase activity and oxidative stress during melphalan and cyclophosphamide BCNU etoposide (CBV) conditioning regimens in autologous bone marrow transplantation patients	Pharmacological Research	Gonçalves, Thissiane L. ; Benvegnú, Dalila M. ; Bonfanti, Gabriela ; Frediani, Andressa V. ; Rocha, João B.T.	A1	
artigoEmPeriodico	2009	http://dx.doi.org/10.1590/S0100-40422009000100032	IMPORTANCE OF THE LIPID PEROXIDATION BIOMARKERS AND METHODOLOGICAL ASPECTS FOR MALONDIALDEHYDE QUANTIFICATION	Química Nova	Grotto D ; MARIA, L. S. ; VALENTINI, J. ; PANIZ, C. ; SCHMITT, G. ; Garcia SC ; POMBLUM, V. J. ; ROCHA, J. B. T. ; M, Farina ; FARINA, Marcelo	Qualis nao identificado	Química Nova
artigoEmPeriodico	2009	http://dx.doi.org/10.1016/j.cbi.2008.12.013	Influence of pH on the reactivity of diphenyl ditelluride with thiols and anti-oxidant potential in rat brain	Chemico-Biological Interactions	HASSAN, Waseem ; IBRAHIM, M. ; NOGUEIRA, C. W ; BRAGA, A. L. ; DEOBALD, A.M ; MOHAMMADZAI, I.U ; ROCHA, J. B. T.	Qualis nao identificado	Chemico-Biological Interactions
artigoEmPeriodico	2009	http://dx.doi.org/10.1016/j.febslet.2009.02.020	pH-Dependent Fe (II) pathophysiology and protective effect of an organoselenium compound	FEBS Letters (Print)	HASSAN, Waseem ; Ibrahim, Mohammad ; Deobald, Anna Maria ; Braga, Antonio Luiz ; Nogueira, Cristina Wayne ; Rocha, Joao B.T. ; ROCHA, J. B. T.	A2	
artigoEmPeriodico	2009	http://dx.doi.org/10.1016/j.etap.2009.02.004	Effects of acidosis and Fe (II) on lipid peroxidation in phospholipid extract: Comparative effect of diphenyl diselenide and ebselen	Environmental Toxicology and Pharmacology	HASSAN, Waseem ; Ibrahim, Mohammad ; NOGUEIRA, Cristina W. ; AHMED, Mushtaq ; ROCHA, J. B. T.	B2	
artigoEmPeriodico	2009	http://dx.doi.org/10.1016/j.brainres.2008.12.046	Enhancement of iron-catalyzed lipid peroxidation by acidosis in brain homogenate: Comparative effect of diphenyl diselenide and ebselen	Brain Research	HASSAN, Waseem ; Ibrahim, Mohammad ; NOGUEIRA, Cristina W. ; Braga, Antonio Luis ; Mohammadzai, Imdad Ullah ; Taube, Paulo Sergio ; Rocha, Joao Batista Teixeira	B1	
artigoEmPeriodico	2009	http://dx.doi.org/10.1080/01480540903127332	Low pH does not modulate antioxidant status of diphenyl ditelluride but exacerbates Fe (II)-induced lipid peroxidation in liver preparation	Drug and Chemical Toxicology (New York, N.Y. 1978)	HASSAN, Waseem ; Ibrahim, Mohammad ; Rocha, Joao B.T. ; ROCHA, J. B. T.	Qualis nao identificado	Drug and Chemical Toxicology (New York, N.Y. 1978)
artigoEmPeriodico	2009	http://dx.doi.org/10.1016/j.cbi.2009.06.023	Towards the mechanism and comparative effect of diphenyl diselenide, diphenyl ditelluride and ebselen under various pathophysiological conditions in rat's kidney preparation	Chemico-Biological Interactions (Print)	HASSAN, Waseem ; Ibrahim, Mohammad ; Rocha, Joao Batista Teixeira	B1	Chemico Biological Interactions (Print)
artigoEmPeriodico	2009	http://dx.doi.org/10.1016/j.pbb.2008.09.012	Further analysis of the antinociceptive action caused by p-methoxyl-diphenyl diselenide in mice.	Pharmacology, Biochemistry and Behavior	Jesse, C. R. ; ROCHA, J. B. T. ; NOGUEIRA, C. W. ; SAVEGNAGO, L	B1	
artigoEmPeriodico	2009	http://dx.doi.org/10.1016/j.tiv.2008.08.008	Studies on the antioxidant effect and interaction of diphenyl diselenide and dicholesteroyl diselenide with hepatic ?-aminolevulinic acid dehydratase and isoforms of lactate dehydrogenase	Toxicology in Vitro	KADE, I ; PAIXAO, M ; RODRIGUES, O ; IBUKUN, E ; BRAGA, A ; ZENI, G ; NOGUEIRA, C ; ROCHA, J ; ROCHA, J. B. T.	B1	
artigoEmPeriodico	2009	http://dx.doi.org/10.1007/s10565-008-9095-5	Effect of oral administration of diphenyl diselenide on antioxidant status, and activity of delta aminolevulinic acid dehydratase and isoforms of lactate dehydrogenase, in streptozotocin-induced diabetic rats	Cell Biology and Toxicology	KADE, I. J. ; BORGES, V. C. ; Savegnago, L. ; IBUKUN, E. O. ; ZENI, G. ; NOGUEIRA, C. W. ; ROCHA, J. B. T.	B1	
artigoEmPeriodico	2009	http://dx.doi.org/10.1016/j.brainres.2009.04.003	Diphenyl diselenide and streptozotocin did not alter cerebral glutamatergic and cholinergic systems but modulate antioxidant status and sodium pump in diabetic rats	Brain Research	Kade, I.J. ; Nogueira, C.W. ; Rocha, J.B.T. ; ROCHA, J. B. T.	B1	
artigoEmPeriodico	2009	http://dx.doi.org/10.1111/j.1440-1681.2008.05056.x	REDOX MODULATION AT THE PERIPHERAL SITE ALTERS NOCICEPTIVE TRANSMISSION IN VIVO	Clinical and Experimental Pharmacology Physiology	MEOTTI, F. C. ; COELHO, I. dos S. ; FRANCO, J. L. ; DAFRE, A. L. ; ROCHA, J. B. T. ; SANTOS, A.R.S.	B2	Clinical and Experimental Pharmacology & Physiology
artigoEmPeriodico	2009	http://dx.doi.org/10.1007/s12031-008-9154-7	Importance of Schedule of Administration in the Therapeutic Efficacy of Guanosine: Early Intervention After Injury Enhances Glutamate Uptake in Model of Hypoxia-ischemia	Journal of Molecular Neuroscience	MORETTO, M. B. ; BOFF, B. ; LAVINSKY, D. ; Netto, C. A. ; ROCHA, J. B. T. ; SOUZA, D. O. ; Wofchuk, S. T.	B1	
artigoEmPeriodico	2009	http://dx.doi.org/10.1016/j.cbi.2009.08.018	Altered pH homeostasis modulates the glutathione peroxidase mimics and other antioxidant properties of diphenyl diselenide	Chemico-Biological Interactions (Print)	Ogunmoyole, t. ; ROCHA, J. B. T. ; Okoronkwo, A.E. ; Kade, I.J.	B1	Chemico Biological Interactions (Print)
artigoEmPeriodico	2009	http://dx.doi.org/10.1007/s11064-008-9861-z	Antioxidant Effects of Different Extracts from Melissa officinalis, Matricaria recutita and Cymbopogon citratus	Neurochemical Research	PEREIRA, R. P. ; FACHINETTO, R. ; DE SOUZA PRESTES, A. ; PUNTEL, R. L. ; SANTOS DA SILVA, G. N. ; Heinzmann, B.M. ; ATHAYDE, M. L. ; BURGER, M. E. ; MOREL, A F ; MORSCH, V. M. ; ROCHA, J. B. T.	B1	
artigoEmPeriodico	2009	http://dx.doi.org/10.1080/15555270903143440	Mercury and Selenium - A Review on Aspects Related to the Health of Human Populations in the Amazon	Environmental bioindicators	Pinheiro, Maria da Conceicao Na ; Luiz Martins do Nascimento, Jose ; Carlos de Lima Silveira, Luiz ; Batista Teixeira da Rocha, Joao ; Aschner, Michael ; ROCHA, J. B. T.	Qualis nao identificado	Environmental bioindicators
artigoEmPeriodico	2009	http://dx.doi.org/10.1016/j.ejphar.2008.10.055	Antidepressant-like effect of the organoselenium compound ebselen in mice: Evidence for the involvement of the monoaminergic system	European Journal of Pharmacology	POSSER, T ; KASTER, M ; BARAUNA, S ; ROCHA, J. B. T. ; RODRIGUES, A ; LEAL, R	B1	
artigoEmPeriodico	2009	http://dx.doi.org/10.1016/j.cbi.2008.09.028	Butane-2,3-dionethiosemicarbazone: An oxime with antioxidant properties	Chemico-Biological Interactions	PUNTEL, GO ; DE CARVALHO, N.R. ; GUBERT, P. ; PALMA, A. ; CORTE, C L D ; AVILA, D. S. ; PEREIRA, M. E ; CARRATU, V. S. ; BRESOLIN, L. ; ROCHA, J. B. T. ; SOARES, F. A. A.	Qualis nao identificado	Chemico-Biological Interactions
artigoEmPeriodico	2009	http://dx.doi.org/10.1002/cbf.1599	High-fat diet and hydrochlorothiazide increase oxidative stress in brain of rats	Cell Biochemistry and Function	Ribeiro, Marinei Cristina Pereira ; Barbosa, Nilda Berenice de Vargas ; de Almeida, Tielle Moraes ; Parcianello, Lutiane Mozzaquatro ; Perottoni, Juliano ; de Ávila, Daiana Silva ; ROCHA, J. B. T.	B2	
artigoEmPeriodico	2009		PERCEPÇÕES SOBRE FUMO PASSIVO: UM OLHAR SOBRE O ENSINO DE CIÊNCIAS E SEU COMPROMETIMENTO NA CONSTRUÇÃO DA CIDADANIA PARA A SAÚDE E QUALIDADE DE VIDA	Educação (UFSM)	ROCHA, J. B. T. ; SALLA, L. F.S ; FIGUEIRA, A.C.M. ; MACHADO, L.M.F. ; KNOLL, L.R.P. ; SASSI, N.S. ; SALLA, R.F. ; PRÁ, S.M.	Qualis nao identificado	Educação (UFSM)
artigoEmPeriodico	2009	http://dx.doi.org/10.1016/j.tiv.2008.12.020	Guanosine and synthetic organoselenium compounds modulate methylmercury-induced oxidative stress in rat brain cortical slices: Involvement of oxidative stress and glutamatergic system	Toxicology in Vitro	Roos, Daniel H. ; Puntel, Robson L. ; Santos, Matheus M. ; Souza, Diogo O.G. ; FARINA, Marcelo ; NOGUEIRA, Cristina W. ; ASCHNER, Michael ; Burger, Marilise Escobar ; Barbosa, Nilda B.V. ; Rocha, João B.T.	B1	
artigoEmPeriodico	2009	http://dx.doi.org/10.1016/j.mrgentox.2009.03.006	Genotoxicity of organoselenium compounds in human leukocytes in vitro	Mutation Research (Print)	SANTOS, D. B. ; SCHIAR, V. P. P. ; RIBEIRO, M. C. P. ; SCHAWAB, RS ; Meinerz DF ; ALLEBRANDT, J. ; , Rocha JBT ; , NOGUEIRA, C. W. ; ASCHNER, Michael ; BARBOSA, N B.	B1	
artigoEmPeriodico	2009	http://dx.doi.org/10.1016/j.tiv.2009.05.010	Hemolytic and genotoxic evaluation of organochalcogens in human blood cells in vitro	Toxicology in Vitro	SANTOS, D.B. ; Schiar, V.P.P. ; Paixão, M.W. ; Meinerz, D.F. ; Nogueira, C.W. ; Aschner, M. ; Rocha, J.B.T. ; BARBOSA, N.B.V. ; ROCHA, J. B. T.	B1	
artigoEmPeriodico	2009	http://dx.doi.org/10.1016/j.cbi.2008.10.007	Human erythrocyte hemolysis induced by selenium and tellurium compounds increased by GSH or glucose: A possible involvement of reactive oxygen species	Chemico-Biological Interactions (Print)	SCHIAR, V ; DOSSANTOS, D ; PAIXAO, M ; ROCHA, J ; ROCHA, J. B. T. ; ZENI, G	B1	Chemico Biological Interactions (Print)
artigoEmPeriodico	2009	http://dx.doi.org/10.1187/cbe.08-12-0070	Using a Replica of Leeuwenhoek's Microscope to Teach the History of Science and to Motivate Students to Discover the Vision and the Contributions of the First Microscopists	CBE-LIFE SCI EDUC	Sepel, L. M.N. ; Loreto, E. L.S. ; ROCHA, J. B. T.	Qualis nao identificado	CBE-LIFE SCI EDUC
artigoEmPeriodico	2009	http://dx.doi.org/10.1016/j.pbb.2008.08.020	Diphenyl ditelluride impairs short-term memory and alters neurochemical parameters in young rats	Pharmacology, Biochemistry and Behavior	STANGHERLIN, E ; ROCHA, J. B. T. ; NOGUEIRA, C	B1	
artigoEmPeriodico	2009	http://dx.doi.org/10.1007/s00204-008-0392-9	Exposure to diphenyl ditelluride, via maternal milk, causes oxidative stress in cerebral cortex, hippocampus and striatum of young rats	Archives of Toxicology	Stangherlin, Eluza Curte ; Ardais, Ana Paula ; Rocha, Joao Batista Teixeira ; Nogueira, Cristina Wayne	A1	
artigoEmPeriodico	2009	http://dx.doi.org/10.1007/s11064-009-9917-8	In vitro Antioxidant Activity of Valeriana officinalis Against Different Neurotoxic Agents	Neurochemical Research	SUDATI, J. H. ; FACHINETTO, R. ; PEREIRA, R. P. ; BOLIGON, A. ; ATHAYDE, M. L. ; SOARES, F. A. ; BARBOSA, N. B. ; ROCHA, J. B. T.	B1	
artigoEmPeriodico	2009	http://dx.doi.org/10.1016/j.nut.2008.11.003	Beneficial effects of gradual intense exercise in tissues of rats fed with a diet deficient in vitamins and minerals: A pilot study.	Nutrition	Teixeira, A. M. ; MULLER, L. ; SANTOS, A. ; RECKZIEGEL, P. ; EMANUELLI, T ; ROCHA, J. B. T. ; BURGER, M. E.	Qualis nao identificado	Nutrition
artigoEmPeriodico	2009	http://dx.doi.org/10.1016/j.pbb.2008.11.015	Intense exercise potentiates oxidative stress in striatum of reserpine-treated animals	Pharmacology, Biochemistry and Behavior	Teixeira, A. M. ; RECKZIEGEL, P. ; MULLER, L. ; PEREIRA, R. P. ; ROOS,D.H. ; ROCHA, J. B. T. ; BURGER, M. E.	B1	
artigoEmPeriodico	2009		Ethanolic extracts of seeds of Parinari curatellifolia exhibit potent antioxidant properties: A possible mechanism of its antidiabetic action	Journal of Pharmacognosy and Phytotherapy	Y. OGUNBOLUDE ; Ajayi, M.A. ; Ajagbawa. T.M. ; A. P. Igbakin ; Rocha, J.B.T. ; , Rocha JBT ; KADE, I. J.	Qualis nao identificado	Journal of Pharmacognosy and Phytotherapy
artigoEmPeriodico	2009	http://dx.doi.org/10.1016/j.neuint.2009.01.015	Comparison of alterations in amino acids content in cultured astrocytes or neurons exposed to methylmercury separately or in co-culture.	Neurochemistry International	YIN, Z ; ALBRECHT, J. ; SYVERSEN, Tore ; JIANG, H. ; SUMMAR, M. ; ROCHA, J. B. T. ; FARINA, M ; ASCHNER, Michael	B1	
resumoExpandidoEmCongresso	2009	Para que serve o Benedict?	29º Encontro de Debates sobre o Ensino de Química: Ressignificando a Química rumo à sustentabilidade, 2009, Santa Maria. Anais 29º EDEQ. Santa Maria	FIGUEIRA, A.C.M. ; , Rocha JBT ; Azzolin, K.A.S	Qualis nao identificado	29º Encontro de Debates sobre o Ensino de Química: Ressignificando a Química rumo à sustentabilidade, 2009, Santa Maria. Anais 29º EDEQ. Santa Maria
resumoExpandidoEmCongresso	2009	CONCEPÇÕES ALTERNATIVAS DE ESTUDANTES DO ENSINO MÉDIO: ÁCIDOS E BASES	VII ENPEC ENCONTRO NACIONAL DE PESQUISA EM EDUCAÇÃO EM CIÊNCIAS, 2009, Florianópolis. ANAIS VII ENPEC	FIGUEIRA, A.C.M. ; SALLA ; SALLA, R.F. ; , Rocha JBT	Qualis nao identificado	VII ENPEC ENCONTRO NACIONAL DE PESQUISA EM EDUCAÇÃO EM CIÊNCIAS, 2009, Florianópolis. ANAIS VII ENPEC
resumoExpandidoEmCongresso	2009	O TABAGISMO, A POLUIÇÃO POR TABACO AMBIENTAL (PTA) E SUA ABORDAGEM NOS LIVROS DIDÁTICOS DE CIÊNCIAS: UMA ANÁLISE QUALITATIVA SOB A PERSPECTIVA DO ENSINO PARA A SAÚDE	VII ENPEC ENCONTRO NACIONAL DE PESQUISA EM EDUCAÇÃO EM CIÊNCIAS, 2009, Florianópolis. ANAIS VII ENPEC	FIGUEIRA, A.C.M. ; SALLA ; SALLA, R.F. ; , Rocha JBT	Qualis nao identificado	VII ENPEC ENCONTRO NACIONAL DE PESQUISA EM EDUCAÇÃO EM CIÊNCIAS, 2009, Florianópolis. ANAIS VII ENPEC
resumoExpandidoEmCongresso	2009	PERCEPÇÕES ACERCA DO FUMO PASSIVO: UM OLHAR SOBRE O ENSINO DE CIÊNCIAS E SEU COMPROMETIMENTO NA CONSTRUÇÃO DA CIDADANIA PARA A SAÚDE E QUALIDADE E VIDA	VII ENPEC ENCONTRO NACIONAL DE PESQUISA EM EDUCAÇÃO EM CIÊNCIAS, 2009, Florianópolis. ANAIS VII ENPEC	SALLA ; SALLA, R.F. ; FIGUEIRA, A.C.M. ; , Rocha JBT	Qualis nao identificado	VII ENPEC ENCONTRO NACIONAL DE PESQUISA EM EDUCAÇÃO EM CIÊNCIAS, 2009, Florianópolis. ANAIS VII ENPEC
resumoExpandidoEmCongresso	2009	"PULMÃO E SUA TURMA": OS EFEITOS DA POLUIÇÃO TABÁGICA AMBIENTAL SOBRE O EPITÉLIO RESPIRATÓRIO UMA EXPERIÊNCIA SOB A PERSPECTIVA DO EMPOWERMENT EDUCATION NAPROMOÇÃO DA SAÚDE NA ESCOLA	VII ENPEC ENCONTRO NACIONAL DE PESQUISA EM EDUCAÇÃO EM CIÊNCIAS, 2009, FLORIANÓPOLIS. ANAIS VII ENPEC	SALLA ; SALLA, R.F. ; FIGUEIRA, A.C.M. ; , Rocha JBT	Qualis nao identificado	VII ENPEC ENCONTRO NACIONAL DE PESQUISA EM EDUCAÇÃO EM CIÊNCIAS, 2009, FLORIANÓPOLIS. ANAIS VII ENPEC
